# {"env_id": "SuperMarioBros-v1", "t_start": 1556333252.0456674} 
r,l,t
627.0,99,3.972922
595.0,748,14.445096
232.0,43,14.993962
598.0,145,19.369106
226.0,62,25.97235
231.0,46,30.10195
639.0,167,46.857009
1273.0,427,87.359896
151.0,94,96.747168
584.0,191,114.833287
227.0,50,120.313162
569.0,247,145.354022
1000.0,555,199.41867
631.0,111,212.608476
245.0,55,217.760111
703.0,357,254.855727
586.0,126,267.07821
226.0,59,272.163897
690.0,748,346.0178
1306.0,388,385.858661
633.0,105,398.356244
541.0,748,473.192466
224.0,46,477.043762
627.0,241,501.903762
605.0,160,519.318584
575.0,142,533.605346
674.0,405,575.16239
236.0,54,580.2982
722.0,748,655.021448
707.0,718,729.053377
588.0,143,743.988356
202.0,55,750.627801
738.0,552,806.429344
788.0,345,842.082993
237.0,34,845.583401
1009.0,400,886.48495
229.0,44,890.848294
256.0,32,893.727565
1030.0,257,918.833408
625.0,119,931.886261
723.0,748,1006.617052
797.0,281,1036.097538
619.0,138,1049.637923
727.0,748,1125.676798
245.0,44,1130.707191
192.0,64,1136.967212
232.0,43,1141.295104
217.0,47,1147.504934
998.0,491,1198.215745
244.0,34,1201.296623
615.0,289,1229.516015
1259.0,680,1300.049061
807.0,219,1323.698975
537.0,748,1401.286025
549.0,275,1428.835032
719.0,748,1505.672141
930.0,671,1576.050331
728.0,748,1654.184567
242.0,38,1657.653439
250.0,43,1661.9845
631.0,158,1679.54158
730.0,138,1693.068087
988.0,564,1750.556958
943.0,704,1823.368273
244.0,60,1829.135947
235.0,57,1836.449981
1265.0,445,1881.113551
610.0,110,1891.809043
632.0,151,1906.455367
616.0,96,1915.938373
727.0,748,1993.784869
723.0,208,2016.616604
242.0,31,2019.677542
727.0,748,2097.570185
243.0,43,2101.713444
208.0,49,2106.664412
622.0,122,2120.775717
233.0,36,2124.214159
245.0,39,2128.090963
243.0,36,2131.499346
738.0,333,2165.427798
843.0,748,2241.085517
615.0,99,2250.92815
621.0,112,2261.651644
1004.0,405,2303.67268
687.0,324,2337.57409
618.0,111,2349.221604
244.0,43,2354.642823
611.0,107,2365.257832
244.0,34,2369.508238
728.0,748,2446.985933
717.0,748,2529.403368
707.0,748,2604.281569
1039.0,583,2665.313569
215.0,52,2670.331399
1253.0,652,2735.859847
216.0,41,2739.593131
631.0,161,2757.068473
677.0,484,2809.205896
608.0,112,2820.691213
944.0,685,2891.7752
237.0,43,2895.703849
1044.0,155,2913.323902
218.0,50,2918.17341
221.0,50,2922.943285
736.0,198,2944.667639
635.0,164,2959.777701
723.0,748,3038.186693
245.0,35,3042.621179
718.0,748,3120.558319
625.0,103,3131.728384
1255.0,603,3191.377237
206.0,64,3199.670106
580.0,130,3212.996281
1032.0,288,3245.277035
785.0,309,3277.623877
767.0,311,3310.478785
586.0,327,3344.879085
634.0,216,3368.192161
628.0,184,3385.976335
623.0,113,3397.171493
608.0,104,3406.902014
226.0,41,3410.578704
608.0,126,3424.432974
606.0,79,3432.689181
572.0,177,3454.116758
1026.0,312,3487.110111
599.0,117,3498.713992
633.0,91,3507.705191
1052.0,210,3530.523167
194.0,60,3536.67691
1104.0,316,3569.810173
628.0,115,3581.604217
251.0,33,3586.086598
1252.0,666,3657.006274
225.0,47,3662.284286
236.0,38,3666.018825
223.0,48,3670.697952
1230.0,702,3746.783415
1013.0,348,3783.312803
221.0,41,3787.239406
240.0,39,3791.114672
1269.0,442,3836.384175
224.0,42,3840.767812
207.0,63,3846.862093
720.0,327,3882.14773
1248.0,649,3950.762706
1669.0,406,3993.037867
723.0,613,4056.980667
591.0,102,4067.715257
703.0,229,4090.130175
542.0,748,4172.310219
1243.0,591,4234.723056
615.0,109,4245.848696
954.0,684,4317.61658
182.0,66,4324.148762
1372.0,384,4362.604826
167.0,66,4370.747
643.0,147,4386.98284
728.0,748,4466.602663
633.0,173,4485.95311
228.0,46,4490.308429
540.0,748,4571.521257
617.0,135,4585.37877
227.0,49,4589.961484
1613.0,644,4657.837748
708.0,306,4688.001929
247.0,47,4692.693472
782.0,355,4732.318438
638.0,164,4750.838058
1656.0,380,4790.424585
230.0,50,4795.411616
251.0,38,4799.059911
685.0,379,4838.635231
632.0,150,4853.467385
224.0,43,4859.343664
631.0,183,4876.707907
792.0,281,4904.926842
624.0,179,4922.616987
1262.0,582,4985.950877
243.0,35,4989.135581
615.0,111,5000.082935
637.0,148,5014.327374
232.0,45,5019.323776
620.0,106,5031.090373
1413.0,252,5058.957911
1021.0,328,5091.967889
989.0,471,5145.718294
241.0,36,5149.04635
244.0,41,5153.186511
241.0,42,5158.896461
636.0,157,5174.867419
591.0,120,5188.367124
248.0,38,5192.480984
738.0,375,5232.091517
627.0,105,5250.875989
243.0,35,5258.737149
590.0,107,5274.970999
722.0,601,5365.221335
233.0,39,5370.361497
1037.0,265,5414.252648
710.0,118,5434.054368
579.0,111,5451.710758
243.0,39,5457.10452
239.0,36,5464.286388
1018.0,361,5524.868531
608.0,96,5540.847387
641.0,159,5566.321412
1243.0,678,5684.10681
774.0,310,5735.315504
1333.0,192,5766.631961
997.0,441,5821.797743
256.0,35,5827.4492
1377.0,375,5873.930029
605.0,116,5886.989942
251.0,31,5892.187297
1232.0,672,6001.356616
236.0,36,6007.182345
1014.0,417,6062.585372
772.0,432,6126.729717
791.0,169,6147.100634
699.0,302,6188.001987
235.0,39,6194.780491
218.0,52,6203.001346
620.0,97,6215.370197
1687.0,335,6255.884686
1521.0,469,6319.020162
988.0,541,6387.257576
1283.0,439,6435.070407
224.0,44,6440.105645
1340.0,166,6458.46163
229.0,47,6463.439504
802.0,220,6487.106959
585.0,102,6499.421934
744.0,524,6554.2073
615.0,112,6565.137617
1018.0,294,6597.07885
1298.0,402,6640.019559
644.0,144,6654.991079
240.0,43,6659.000606
790.0,318,6694.043405
630.0,183,6714.243268
614.0,118,6726.137626
731.0,370,6766.553544
592.0,100,6778.449454
985.0,455,6826.781338
252.0,32,6831.175231
209.0,47,6836.676874
1028.0,291,6867.797669
969.0,554,6926.576182
227.0,44,6931.280269
741.0,354,6968.467113
727.0,96,6979.16255
1298.0,334,7014.112486
235.0,45,7019.760895
600.0,119,7032.564953
252.0,32,7035.489446
620.0,92,7044.572181
996.0,438,7092.153753
750.0,313,7126.192521
239.0,38,7129.934671
609.0,66,7138.284147
961.0,559,7196.090556
779.0,379,7235.248788
236.0,35,7238.935176
799.0,295,7268.854764
1077.0,532,7327.935695
814.0,165,7343.389153
1318.0,302,7376.976535
811.0,236,7402.614735
1273.0,486,7452.377315
1265.0,521,7509.672465
1304.0,393,7551.613613
781.0,358,7591.030844
237.0,42,7596.257196
777.0,170,7613.002462
736.0,269,7639.012316
635.0,160,7659.229414
729.0,748,7738.435939
547.0,748,7817.081952
729.0,207,7837.07866
623.0,100,7849.183164
601.0,83,7858.28596
1029.0,306,7891.226207
242.0,38,7895.365394
1040.0,212,7916.063897
1327.0,719,7991.860836
1894.0,430,8036.721371
589.0,133,8052.751509
1047.0,221,8076.988042
212.0,49,8081.624786
241.0,40,8085.683354
1049.0,171,8102.125591
780.0,415,8146.227216
725.0,430,8191.287149
791.0,361,8232.138228
238.0,39,8235.811601
1109.0,474,8288.16388
246.0,35,8292.17678
735.0,201,8312.230862
232.0,36,8317.218173
1032.0,235,8341.433237
2507.0,748,8418.941008
610.0,174,8436.213986
1424.0,263,8465.279563
799.0,245,8489.45055
625.0,105,8499.958673
198.0,54,8505.092824
599.0,116,8518.904792
776.0,186,8538.881054
223.0,48,8545.060131
1022.0,348,8581.52244
219.0,45,8585.71246
1318.0,257,8614.291296
993.0,481,8666.653914
245.0,50,8671.540714
711.0,748,8752.160827
603.0,105,8762.5087
1403.0,384,8805.004382
678.0,329,8839.667429
1034.0,200,8861.68665
699.0,276,8891.920152
255.0,33,8895.316557
1320.0,293,8927.412606
1043.0,304,8959.847001
797.0,279,8987.311016
636.0,155,9004.882433
703.0,206,9026.792723
822.0,181,9045.14858
240.0,43,9049.512121
652.0,99,9061.541249
1037.0,243,9084.286756
203.0,55,9090.947356
780.0,143,9106.847089
1040.0,206,9129.534104
253.0,32,9133.395058
635.0,141,9148.637004
1540.0,349,9186.867946
743.0,165,9203.130989
1029.0,236,9226.308566
771.0,155,9243.704833
1028.0,260,9271.608329
246.0,31,9274.751547
602.0,103,9283.996696
622.0,97,9294.333064
233.0,44,9299.300595
627.0,96,9309.877659
618.0,103,9320.767777
1332.0,593,9383.877782
243.0,38,9387.544966
246.0,42,9391.725209
737.0,211,9414.675347
1008.0,301,9447.552807
240.0,34,9450.791361
734.0,151,9467.32253
741.0,199,9488.062673
627.0,108,9498.88842
799.0,217,9522.675207
1282.0,467,9571.597347
636.0,143,9588.424249
626.0,86,9597.330163
595.0,104,9607.497378
176.0,64,9615.532242
238.0,51,9621.147198
592.0,172,9638.106873
1406.0,269,9667.2337
243.0,47,9673.413569
245.0,36,9677.266181
608.0,96,9686.76655
246.0,39,9690.382444
218.0,58,9696.224941
619.0,96,9707.282338
245.0,45,9712.359674
1322.0,322,9746.31114
785.0,283,9776.626029
251.0,29,9779.54068
816.0,186,9800.095854
627.0,95,9809.285468
1303.0,324,9842.735044
1050.0,206,9864.67538
627.0,84,9872.864291
757.0,181,9892.883505
718.0,748,9975.259513
616.0,108,9986.071507
1595.0,232,10008.882627
1054.0,149,10025.800415
1663.0,477,10075.029356
622.0,97,10086.735013
1835.0,373,10122.435794
609.0,127,10135.526671
1387.0,356,10172.968904
785.0,316,10208.108789
247.0,35,10211.62979
1028.0,329,10246.473485
221.0,44,10250.59042
190.0,57,10256.375099
797.0,281,10284.56653
247.0,33,10288.989104
1318.0,364,10327.116581
1342.0,209,10348.253799
755.0,172,10367.52
610.0,97,10377.996207
1372.0,461,10425.865392
1380.0,509,10481.031019
1048.0,136,10494.988604
999.0,429,10541.368118
795.0,291,10569.799442
244.0,34,10574.203769
809.0,270,10604.607555
232.0,38,10608.890188
2324.0,571,10667.265791
232.0,45,10672.212908
811.0,230,10697.755605
620.0,87,10708.485184
254.0,35,10712.034204
580.0,111,10722.804581
782.0,222,10747.258276
1536.0,472,10795.854127
231.0,47,10801.146699
241.0,34,10804.834159
1043.0,212,10828.479577
1256.0,506,10882.043211
720.0,194,10901.151893
619.0,101,10911.165402
245.0,44,10917.088593
234.0,56,10923.163261
1012.0,366,10962.154516
1334.0,262,10987.853997
614.0,105,10998.322731
811.0,165,11017.650291
624.0,87,11026.145187
734.0,223,11050.151583
252.0,30,11053.047
241.0,41,11057.139157
1027.0,265,11085.423358
1051.0,209,11105.956465
1050.0,273,11135.134105
1905.0,396,11177.010002
237.0,39,11181.612274
785.0,307,11215.543758
256.0,33,11219.036338
647.0,72,11226.062728
1324.0,235,11249.146187
743.0,282,11279.162219
598.0,117,11292.964268
731.0,181,11312.274497
586.0,181,11332.363043
225.0,53,11338.363286
226.0,41,11342.309265
600.0,97,11350.900916
1407.0,347,11388.088499
251.0,35,11391.337069
625.0,106,11401.797557
1054.0,291,11432.921039
638.0,144,11449.200592
1335.0,181,11466.532863
1377.0,371,11504.736032
251.0,35,11509.469465
2360.0,402,11551.860424
630.0,214,11574.844432
241.0,32,11578.987835
636.0,87,11588.856642
955.0,621,11654.04855
1355.0,225,11678.942296
643.0,150,11694.174416
1397.0,438,11739.581087
245.0,37,11743.384563
643.0,149,11757.986059
236.0,41,11763.033848
2362.0,434,11808.214636
1359.0,196,11830.093454
624.0,82,11839.278759
640.0,165,11855.407861
1918.0,370,11893.382423
625.0,92,11902.255873
757.0,177,11921.469385
1030.0,248,11947.391963
1326.0,295,11978.671489
1040.0,177,11996.228656
1305.0,276,12025.67467
241.0,36,12028.74532
1340.0,230,12051.888082
647.0,98,12063.653932
1338.0,212,12085.114201
588.0,115,12098.520495
244.0,34,12101.790625
825.0,145,12118.502016
1026.0,229,12141.162669
592.0,114,12152.186841
240.0,39,12156.186187
1308.0,326,12192.724674
1424.0,271,12221.833114
650.0,76,12229.29401
1055.0,230,12254.465665
1076.0,118,12266.0174
770.0,285,12293.571403
640.0,76,12301.560685
628.0,113,12313.840216
1026.0,216,12337.334714
1339.0,183,12355.520207
802.0,271,12385.45387
633.0,99,12395.11406
599.0,106,12407.426869
1045.0,155,12423.131206
1564.0,201,12442.960111
237.0,42,12448.304628
229.0,36,12452.722673
1449.0,227,12477.573419
251.0,31,12480.42732
1031.0,248,12506.826214
1030.0,209,12530.315192
640.0,87,12538.939172
808.0,175,12556.356915
770.0,387,12598.514613
246.0,38,12602.818763
631.0,80,12610.691289
783.0,346,12647.281667
801.0,282,12676.245949
1291.0,400,12717.436932
586.0,110,12728.498892
1018.0,231,12752.611266
701.0,190,12776.332974
227.0,41,12780.473318
753.0,179,12800.519774
1314.0,218,12821.764607
1011.0,418,12863.742528
652.0,79,12872.829655
240.0,33,12876.89544
1032.0,200,12896.430182
1019.0,314,12931.927978
642.0,85,12941.742847
1027.0,321,12976.591872
1045.0,326,13011.031871
1050.0,175,13030.629977
776.0,192,13049.763562
251.0,34,13054.635772
247.0,37,13058.835232
1050.0,172,13075.878395
735.0,137,13091.668743
603.0,96,13101.011114
1346.0,203,13123.340444
811.0,157,13138.726228
639.0,168,13155.424834
1015.0,265,13183.877141
1335.0,251,13211.081076
1303.0,473,13260.845433
743.0,186,13281.175878
1314.0,343,13318.743649
234.0,41,13323.421834
1315.0,207,13343.845974
633.0,83,13352.030002
1528.0,491,13402.894344
805.0,257,13428.03544
1303.0,221,13452.185234
779.0,161,13468.968813
236.0,43,13473.048667
634.0,111,13483.968068
623.0,100,13493.938529
766.0,214,13518.79506
1020.0,452,13566.204384
642.0,148,13580.160718
1069.0,159,13596.600716
248.0,31,13600.542975
614.0,83,13610.223852
224.0,43,13614.213778
734.0,236,13639.2991
1316.0,307,13672.460252
1302.0,248,13696.342079
1336.0,180,13713.662517
626.0,201,13735.075611
1082.0,553,13796.686467
1429.0,197,13818.551961
1052.0,224,13840.640922
228.0,41,13844.664519
601.0,104,13854.849505
248.0,30,13857.981712
235.0,38,13861.564999
1315.0,268,13890.363853
1332.0,180,13910.431694
622.0,105,13921.012693
248.0,42,13925.090192
248.0,32,13927.904922
643.0,150,13942.935584
605.0,120,13954.584408
235.0,44,13959.481733
243.0,31,13963.803436
230.0,39,13968.218833
243.0,39,13972.127721
606.0,125,13984.424652
1308.0,453,14033.719055
642.0,153,14050.909396
618.0,82,14058.967321
812.0,177,14076.61111
236.0,38,14080.343847
615.0,76,14088.551364
753.0,177,14106.826622
240.0,39,14110.421463
595.0,100,14121.65098
614.0,102,14132.807209
816.0,181,14150.704619
222.0,45,14154.901511
1042.0,277,14184.704775
713.0,145,14200.95022
224.0,41,14205.454857
811.0,158,14223.22723
249.0,34,14226.779065
1046.0,135,14239.066482
1020.0,291,14270.413702
1036.0,175,14289.89562
616.0,69,14296.585379
609.0,74,14303.824969
1457.0,189,14324.773181
256.0,35,14328.609178
1702.0,235,14354.654016
1375.0,401,14395.737376
1063.0,128,14410.862777
763.0,142,14425.771579
1342.0,179,14445.718522
233.0,35,14449.141659
606.0,94,14457.488387
1704.0,230,14481.833905
587.0,93,14493.282687
233.0,37,14496.903903
1702.0,260,14522.574021
222.0,46,14527.353244
787.0,257,14557.215162
248.0,32,14560.409597
1031.0,152,14575.420981
1041.0,173,14592.427872
799.0,150,14609.483686
1591.0,179,14627.22562
603.0,76,14636.808698
1430.0,167,14653.32294
1345.0,241,14680.218357
638.0,141,14694.229645
1120.0,299,14726.203285
1866.0,242,14752.160486
1683.0,300,14781.731918
244.0,34,14785.076122
1042.0,161,14803.181385
249.0,37,14807.038617
1045.0,278,14836.584884
234.0,38,14840.184587
234.0,43,14845.221257
643.0,147,14862.263349
627.0,83,14870.463988
635.0,99,14880.161681
250.0,32,14883.134822
253.0,31,14885.798482
820.0,145,14900.508451
836.0,138,14916.309389
627.0,80,14924.142948
249.0,30,14927.251983
787.0,127,14939.582079
1341.0,297,14969.949824
641.0,91,14980.326879
2373.0,311,15013.351478
613.0,70,15020.245794
791.0,145,15034.611788
251.0,30,15037.607711
1034.0,216,15061.790206
624.0,64,15068.568549
630.0,100,15078.317487
1336.0,136,15094.128446
610.0,66,15100.512213
749.0,163,15116.598006
1434.0,192,15135.756252
2314.0,573,15194.616225
1296.0,317,15228.024091
239.0,34,15231.59411
656.0,85,15239.963595
1697.0,232,15265.105477
824.0,146,15281.893006
603.0,103,15291.900648
1324.0,284,15322.448347
827.0,157,15337.848516
582.0,104,15348.221338
249.0,30,15350.99735
245.0,41,15355.121741
750.0,138,15368.55916
614.0,63,15376.438247
1058.0,114,15388.268791
1346.0,167,15404.753967
231.0,48,15409.365659
592.0,103,15419.591275
617.0,75,15429.162873
1307.0,288,15458.540704
1358.0,194,15477.715683
626.0,96,15487.288036
1050.0,197,15509.123438
1596.0,211,15532.082114
656.0,84,15542.364923
634.0,81,15550.724409
748.0,136,15564.363447
1380.0,324,15598.496942
770.0,114,15609.840365
773.0,136,15623.290247
249.0,31,15626.291418
613.0,72,15633.465331
591.0,92,15643.903329
241.0,37,15648.400635
1337.0,186,15666.980612
749.0,134,15683.146567
718.0,132,15697.462948
254.0,28,15700.008901
623.0,77,15707.66801
786.0,149,15722.465471
597.0,107,15732.997835
1315.0,279,15764.116357
1048.0,186,15783.745765
629.0,107,15795.318152
244.0,35,15798.890253
765.0,148,15815.804162
198.0,52,15820.192203
237.0,34,15823.313164
640.0,87,15832.755487
737.0,170,15849.257902
611.0,74,15857.491328
1333.0,270,15887.462686
637.0,148,15904.114093
633.0,85,15912.685474
636.0,86,15923.238652
631.0,93,15932.657976
617.0,99,15942.488659
1313.0,272,15971.762678
254.0,28,15974.42855
661.0,82,15982.502823
973.0,544,16039.257097
2037.0,748,16118.544623
1050.0,163,16133.810536
747.0,118,16146.067383
1307.0,280,16175.588679
1152.0,172,16192.7992
1060.0,118,16206.872293
803.0,275,16234.844239
816.0,140,16249.549209
607.0,76,16257.028502
814.0,148,16274.550858
820.0,167,16292.478321
619.0,75,16299.875961
624.0,72,16307.034144
639.0,85,16315.423697
1036.0,238,16342.500341
600.0,109,16354.694452
1555.0,328,16390.69191
747.0,133,16404.474854
617.0,74,16411.715686
1407.0,285,16442.260955
239.0,34,16445.473287
611.0,71,16452.527898
1042.0,189,16470.466494
619.0,90,16480.702619
1657.0,327,16515.028658
1415.0,276,16543.200333
629.0,90,16553.669265
611.0,72,16560.799343
725.0,143,16574.820757
656.0,82,16585.080064
253.0,35,16588.755609
637.0,141,16603.566826
218.0,44,16607.874994
1053.0,124,16620.148683
1865.0,299,16651.908826
819.0,144,16668.590652
1042.0,165,16684.249879
248.0,32,16687.739424
1137.0,277,16718.337289
1453.0,215,16741.724239
3010.0,669,16812.189252
815.0,138,16828.038004
248.0,37,16831.310374
1049.0,181,16849.2451
1024.0,316,16880.559743
621.0,80,16890.139077
1553.0,400,16932.827266
613.0,76,16942.47606
647.0,70,16949.360828
813.0,154,16966.372308
1308.0,190,16985.617769
609.0,83,16993.800633
601.0,150,17010.306362
825.0,141,17024.371375
248.0,28,17026.823295
1146.0,261,17055.587659
629.0,143,17069.738014
1386.0,329,17104.289654
1031.0,260,17132.589531
1342.0,193,17153.900088
1038.0,175,17171.299926
1041.0,141,17184.288382
3044.0,604,17251.052511
1031.0,210,17273.399828
610.0,99,17283.199026
1043.0,134,17298.834381
1047.0,190,17319.221931
1444.0,209,17340.526783
608.0,61,17348.42986
647.0,81,17356.76134
1287.0,381,17393.72182
1026.0,179,17411.856023
589.0,94,17420.604544
729.0,287,17449.372616
245.0,31,17453.718699
252.0,31,17457.471301
1360.0,161,17474.395043
1333.0,184,17492.806049
609.0,69,17501.602219
1021.0,390,17543.139173
653.0,70,17551.866963
1675.0,233,17576.921776
1418.0,205,17597.653784
648.0,75,17607.128024
1059.0,176,17625.597188
246.0,34,17628.810953
1049.0,178,17646.346611
1309.0,355,17683.737312
973.0,536,17741.518729
1048.0,162,17757.576798
821.0,128,17771.905498
239.0,32,17775.525988
614.0,91,17784.619438
610.0,90,17793.616884
241.0,33,17796.768686
1330.0,151,17811.736533
1037.0,210,17834.650221
814.0,140,17848.596415
1053.0,169,17865.19738
1040.0,179,17882.882006
625.0,85,17891.309024
808.0,250,17918.293875
1157.0,119,17930.274868
1569.0,267,17960.523878
1728.0,202,17982.867002
619.0,66,17989.458784
611.0,91,17998.326793
1412.0,303,18029.458655
1317.0,247,18054.696078
637.0,147,18068.437238
1062.0,177,18087.611726
236.0,35,18090.882634
1353.0,195,18112.506081
1939.0,223,18136.878238
236.0,36,18140.096039
606.0,64,18145.802356
227.0,42,18150.522475
1039.0,224,18172.559703
1563.0,208,18194.884743
617.0,65,18201.374376
231.0,40,18205.368942
1673.0,358,18245.329217
812.0,157,18260.60996
1431.0,190,18281.687849
1724.0,177,18299.206897
1603.0,293,18330.149356
1046.0,126,18343.792665
1339.0,189,18362.275336
1045.0,151,18377.309482
1027.0,186,18398.755537
631.0,66,18405.401547
1314.0,203,18427.687725
242.0,33,18431.159887
638.0,73,18438.379871
646.0,77,18448.154585
1711.0,285,18475.475635
249.0,37,18478.92652
247.0,30,18482.425933
1018.0,309,18515.59144
1708.0,229,18538.26946
1031.0,221,18562.322534
1561.0,251,18589.581711
748.0,183,18609.947228
1918.0,232,18635.348449
1055.0,105,18645.610025
1035.0,204,18668.010536
644.0,65,18674.467234
1049.0,113,18685.783762
1343.0,135,18700.864717
813.0,144,18715.8119
632.0,135,18729.092023
656.0,75,18736.449054
814.0,141,18750.459673
240.0,36,18754.089836
1411.0,229,18779.76637
1334.0,275,18806.66251
1374.0,181,18828.730654
228.0,42,18832.342852
712.0,192,18851.945807
2287.0,743,18930.932392
1841.0,235,18956.206003
1687.0,212,18980.505316
1880.0,245,19004.798776
806.0,145,19019.283041
605.0,62,19025.274916
821.0,137,19041.176772
1039.0,160,19056.945302
252.0,33,19059.973753
759.0,138,19073.73574
740.0,111,19084.685608
807.0,177,19104.421975
1053.0,124,19116.788007
1335.0,205,19139.273994
636.0,160,19154.984823
1685.0,294,19186.22463
251.0,32,19189.370986
1687.0,234,19215.651802
1346.0,163,19231.836801
1313.0,239,19255.510096
1367.0,475,19307.108035
634.0,138,19320.587777
1700.0,200,19342.219506
250.0,29,19344.746497
763.0,121,19357.403001
1564.0,216,19378.920557
1691.0,252,19406.118482
251.0,28,19408.972196
2646.0,381,19447.862986
814.0,164,19465.521205
625.0,90,19476.200593
1335.0,222,19500.289049
1040.0,133,19514.465083
762.0,131,19528.67685
821.0,190,19546.964906
1051.0,153,19562.398772
245.0,30,19565.304656
1316.0,240,19591.39458
1042.0,185,19611.946729
1030.0,208,19632.722254
720.0,98,19642.344922
1049.0,115,19653.610133
611.0,77,19661.100056
1425.0,156,19676.436518
250.0,30,19679.615484
1327.0,178,19700.743581
1042.0,132,19716.833067
1030.0,224,19741.428469
1716.0,206,19761.737116
632.0,78,19769.383624
606.0,72,19778.363033
244.0,34,19782.167637
623.0,71,19789.122502
649.0,75,19796.504822
610.0,98,19808.422673
1320.0,230,19832.79878
615.0,60,19839.516894
1443.0,233,19862.421454
1035.0,158,19878.093978
1428.0,165,19896.563137
1040.0,159,19912.214473
2348.0,396,19951.410958
1028.0,243,19978.601733
1030.0,220,20001.780533
2638.0,437,20047.374738
1557.0,237,20073.018586
1048.0,110,20084.102968
612.0,69,20090.841066
1430.0,157,20108.584604
1052.0,147,20122.416393
1350.0,169,20139.772106
1053.0,134,20154.726616
1826.0,383,20195.361974
1576.0,223,20217.264008
1570.0,238,20239.975152
1056.0,120,20250.628344
1042.0,143,20267.971575
1054.0,257,20294.393441
713.0,174,20311.303105
1947.0,231,20336.889521
1577.0,204,20359.88624
1941.0,230,20384.702485
1878.0,282,20415.093968
1934.0,247,20439.357195
615.0,65,20446.303277
1363.0,152,20463.064009
1333.0,242,20490.044408
1036.0,214,20516.530892
650.0,74,20526.568015
628.0,82,20536.007424
653.0,68,20543.477685
606.0,66,20551.775632
1039.0,161,20569.389709
1043.0,156,20587.081135
620.0,67,20593.582336
1839.0,323,20627.433536
631.0,90,20636.642664
237.0,40,20640.091135
617.0,94,20649.707703
249.0,33,20653.170098
607.0,110,20663.811456
615.0,73,20671.092804
617.0,77,20678.684883
244.0,36,20682.115673
1023.0,227,20706.971239
816.0,164,20723.194556
1435.0,220,20747.144489
1308.0,270,20774.327664
820.0,170,20793.081527
596.0,108,20805.10619
620.0,70,20813.019804
788.0,135,20826.24595
1590.0,201,20848.597145
589.0,104,20858.804531
1684.0,355,20895.382242
634.0,90,20905.050592
601.0,98,20914.728924
647.0,74,20922.486756
1339.0,154,20939.578901
819.0,143,20955.562317
1057.0,176,20973.385303
1437.0,190,20992.351431
598.0,124,21006.844538
1322.0,207,21026.971573
809.0,200,21046.861823
1042.0,219,21070.860866
652.0,104,21081.008075
242.0,34,21084.484923
1925.0,255,21111.840838
1695.0,325,21146.14781
1731.0,203,21166.728301
629.0,76,21176.128255
1867.0,260,21204.120833
633.0,70,21210.725832
639.0,137,21224.377121
616.0,85,21233.813225
1437.0,163,21249.9264
1329.0,185,21268.149917
1043.0,242,21293.368894
2346.0,445,21340.613513
645.0,103,21350.723581
609.0,63,21356.959481
1600.0,164,21375.606276
630.0,76,21383.149312
1435.0,209,21404.12669
634.0,84,21413.252096
1961.0,284,21444.788965
606.0,97,21454.500161
1424.0,185,21472.617812
607.0,71,21479.71137
1351.0,160,21495.459707
599.0,99,21506.813375
1371.0,146,21522.125527
1428.0,213,21543.011371
766.0,146,21559.252307
639.0,137,21572.945616
1049.0,211,21593.267043
1929.0,287,21623.863662
1345.0,149,21638.900685
1423.0,227,21665.287754
254.0,27,21668.213237
254.0,30,21671.236842
1433.0,150,21686.08542
1571.0,201,21707.559059
613.0,76,21715.675507
1678.0,278,21743.117625
616.0,89,21752.815482
1355.0,166,21770.63958
1344.0,162,21786.663677
820.0,136,21802.127048
1908.0,301,21834.512124
1707.0,260,21862.538987
1704.0,191,21880.422514
2369.0,367,21920.571016
1050.0,111,21931.559457
3055.0,446,21978.200391
630.0,132,21991.09801
630.0,82,22001.253948
651.0,79,22010.179365
223.0,41,22014.511314
1035.0,161,22030.362767
822.0,127,22042.694526
256.0,29,22045.751881
1878.0,268,22074.661792
747.0,120,22088.203778
240.0,39,22092.5695
792.0,140,22105.491953
1561.0,183,22125.324025
1592.0,203,22146.537857
1046.0,200,22168.748203
1042.0,160,22184.596442
1852.0,245,22211.058007
1344.0,174,22227.458955
1694.0,235,22253.751759
748.0,148,22270.326256
1351.0,146,22286.838478
247.0,30,22290.003048
1424.0,218,22311.483368
1346.0,184,22329.92599
241.0,34,22333.170959
1055.0,109,22346.002686
1058.0,118,22357.96101
1700.0,188,22377.445797
1358.0,182,22396.705615
753.0,109,22407.313075
1053.0,115,22418.880495
1328.0,152,22436.042081
815.0,157,22451.594091
604.0,58,22458.919579
235.0,35,22463.10002
235.0,32,22466.42649
813.0,153,22481.593118
612.0,65,22487.901982
818.0,138,22501.593225
2605.0,469,22552.606088
1335.0,203,22575.240248
1911.0,210,22595.838047
1854.0,295,22628.346748
1054.0,138,22644.177149
767.0,178,22661.821354
1703.0,194,22682.160014
728.0,116,22694.671362
1595.0,191,22715.842498
621.0,66,22722.388655
1716.0,206,22742.943914
663.0,75,22750.320128
247.0,27,22752.946783
1038.0,176,22772.665039
615.0,90,22781.408564
1050.0,154,22796.770434
1425.0,175,22813.971325
2366.0,289,22842.738376
1713.0,207,22864.963078
1053.0,177,22882.976976
1694.0,190,22904.061662
1694.0,186,22921.964076
653.0,68,22929.105971
210.0,43,22933.299113
2354.0,356,22973.189109
1943.0,249,23000.16764
1048.0,151,23014.979029
647.0,75,23022.310914
624.0,90,23031.132095
2367.0,437,23077.621642
1045.0,155,23094.994906
1920.0,354,23130.815421
1333.0,154,23147.824269
1589.0,183,23166.722996
1703.0,192,23184.953823
249.0,30,23188.415015
1063.0,124,23202.184414
1334.0,138,23216.728346
1698.0,201,23238.441833
1033.0,240,23264.652929
605.0,62,23270.724731
1867.0,230,23295.928221
1674.0,275,23326.68057
1315.0,254,23351.508127
1908.0,273,23383.217319
1932.0,198,23402.715302
620.0,70,23409.706084
253.0,35,23413.085713
1680.0,229,23438.089624
1327.0,167,23454.657186
1693.0,182,23474.94709
1432.0,272,23504.081229
3628.0,561,23566.501777
635.0,75,23574.339564
612.0,84,23582.625193
1336.0,173,23601.541862
3031.0,565,23660.721266
1316.0,149,23677.39356
3053.0,529,23730.72302
1315.0,215,23753.839545
622.0,68,23762.44132
1350.0,153,23778.012785
1421.0,182,23795.909263
1452.0,219,23820.117602
1928.0,259,23845.728846
246.0,27,23848.23859
728.0,178,23869.142838
1683.0,208,23889.558575
247.0,30,23892.737758
635.0,76,23901.113774
1581.0,228,23925.923798
1685.0,244,23952.433396
751.0,112,23963.730762
1419.0,207,23987.310757
3054.0,494,24038.453038
1316.0,165,24054.847387
1043.0,171,24071.801574
644.0,88,24082.79471
618.0,72,24089.925348
606.0,58,24095.674763
2363.0,332,24130.929009
604.0,62,24137.502674
1933.0,279,24167.171951
1347.0,139,24181.193101
1429.0,210,24201.832672
1690.0,325,24236.371429
1877.0,221,24259.208741
1441.0,190,24280.207115
1709.0,194,24302.251387
1886.0,196,24322.266346
646.0,132,24334.559475
1946.0,251,24360.157736
606.0,59,24365.851649
1449.0,227,24390.723768
1698.0,172,24407.706868
1320.0,185,24428.289169
1051.0,102,24437.696638
1924.0,255,24466.417482
1340.0,149,24481.107842
622.0,66,24487.717381
1693.0,311,24521.017177
2337.0,357,24559.346595
725.0,108,24569.932845
1332.0,216,24593.582957
639.0,137,24606.976136
713.0,144,24623.471505
1314.0,173,24640.533253
249.0,28,24643.40005
1297.0,160,24661.383878
1721.0,211,24683.11552
1667.0,254,24709.892779
244.0,34,24713.073927
2367.0,322,24747.406888
1943.0,209,24770.436669
1339.0,176,24787.98702
1042.0,142,24803.98884
1431.0,201,24824.311012
1038.0,138,24837.826451
1316.0,140,24851.786178
2371.0,384,24894.565362
1939.0,242,24918.522257
1914.0,270,24947.548784
1313.0,147,24964.392976
1874.0,243,24988.497939
1043.0,159,25005.863678
1348.0,132,25019.766538
1340.0,166,25038.506721
610.0,58,25044.240477
1053.0,130,25057.256598
1851.0,223,25079.228235
1409.0,143,25096.410984
2357.0,334,25131.65932
1598.0,166,25148.563127
2344.0,422,25195.209861
818.0,150,25210.231572
771.0,198,25229.672087
2349.0,308,25262.750625
1433.0,153,25277.948169
1722.0,200,25297.54612
1713.0,208,25320.630173
646.0,67,25327.223966
2351.0,341,25363.328951
1043.0,172,25379.693566
618.0,73,25391.103751
1689.0,219,25413.55361
2345.0,322,25445.410247
1694.0,214,25466.537984
1056.0,100,25477.886206
637.0,72,25485.130032
621.0,68,25493.113754
1048.0,206,25514.58395
1804.0,312,25547.846833
1435.0,149,25562.673619
1951.0,196,25584.356171
2655.0,378,25621.907908
1850.0,266,25650.843705
1324.0,165,25669.093387
1941.0,220,25690.752962
1711.0,221,25715.328228
1925.0,186,25734.229613
2368.0,350,25771.250983
254.0,29,25774.285269
612.0,58,25779.778015
1340.0,136,25794.927955
734.0,107,25806.199121
1730.0,245,25830.558641
3062.0,483,25880.937292
1699.0,173,25900.934291
649.0,67,25907.947745
640.0,133,25923.280304
244.0,31,25926.552988
613.0,66,25932.984739
1339.0,127,25945.474839
607.0,62,25951.738849
818.0,121,25963.652661
3064.0,450,26010.772902
1355.0,186,26031.375091
1883.0,212,26051.479169
652.0,72,26059.307166
2653.0,381,26100.24549
1922.0,204,26122.911813
1946.0,171,26142.241423
1724.0,191,26161.106866
1938.0,237,26184.654489
1719.0,183,26201.802224
1325.0,124,26214.758537
1560.0,167,26233.347817
1052.0,98,26244.281669
1425.0,181,26264.488278
612.0,111,26276.406823
595.0,92,26285.416981
633.0,135,26298.978684
1696.0,210,26321.888405
1936.0,187,26343.719856
1333.0,146,26357.390913
1350.0,141,26372.982884
810.0,127,26385.498696
1078.0,117,26399.334812
2352.0,366,26436.601007
774.0,127,26449.120435
653.0,68,26457.800976
257.0,27,26460.790118
1331.0,174,26479.078114
1704.0,184,26499.541038
1436.0,173,26517.593287
3071.0,417,26562.769902
1940.0,194,26583.460489
774.0,127,26596.852931
1936.0,216,26620.55327
653.0,84,26628.051288
3066.0,414,26670.043729
1573.0,197,26690.975228
1836.0,256,26718.564701
632.0,77,26728.331651
1034.0,139,26741.992352
2373.0,317,26774.843361
1067.0,130,26788.613184
1714.0,169,26805.355955
617.0,71,26812.310689
1050.0,147,26829.131827
1934.0,212,26850.056499
648.0,68,26858.746336
1429.0,170,26877.685299
1056.0,100,26887.8355
652.0,75,26895.36148
601.0,72,26905.189046
822.0,127,26918.414287
609.0,61,26924.308988
3058.0,528,26979.058009
1578.0,153,26994.230027
1349.0,133,27009.169525
614.0,66,27016.26446
1357.0,121,27027.127441
653.0,68,27033.113282
1866.0,228,27058.340464
1921.0,184,27077.274841
1872.0,234,27102.088429
648.0,68,27110.818393
250.0,30,27114.104108
615.0,74,27121.370607
1329.0,150,27136.159588
2370.0,307,27169.085374
1698.0,199,27188.764092
1929.0,210,27212.310903
3064.0,534,27268.664119
1681.0,236,27292.561038
1932.0,215,27315.227244
2383.0,283,27346.46472
1944.0,198,27366.119973
613.0,58,27373.676223
659.0,68,27381.273027
1918.0,296,27413.473666
1868.0,185,27432.0018
1057.0,99,27442.739252
1568.0,186,27462.288289
1948.0,201,27484.428416
2352.0,320,27515.995348
1879.0,197,27537.826826
1337.0,132,27550.730833
1938.0,246,27577.373775
1703.0,162,27593.465345
1920.0,214,27614.137445
624.0,83,27622.079415
1931.0,188,27642.017855
1328.0,169,27660.88315
2344.0,370,27699.811423
1361.0,120,27711.487067
2369.0,315,27744.121407
1583.0,167,27761.558672
1873.0,213,27784.816721
2069.0,748,27863.201365
1320.0,248,27887.730071
1604.0,203,27910.148682
817.0,125,27923.804895
1438.0,152,27939.89982
1692.0,182,27957.82174
1939.0,196,27977.076368
1354.0,133,27990.293827
1348.0,130,28003.178822
253.0,28,28006.819323
621.0,63,28014.398326
1878.0,212,28035.314663
1086.0,98,28044.949591
1339.0,125,28059.724436
1443.0,142,28072.624003
244.0,32,28076.436232
1578.0,200,28096.412657
1947.0,176,28116.113957
3048.0,533,28173.011696
1322.0,167,28189.620967
1314.0,151,28207.507376
1945.0,191,28226.707209
1910.0,324,28261.994576
1706.0,175,28279.423611
1927.0,199,28301.870266
1697.0,201,28323.479796
2354.0,361,28361.418088
1895.0,367,28400.181866
1336.0,122,28414.50329
635.0,73,28421.714124
2363.0,322,28455.733508
649.0,67,28462.218812
1939.0,192,28481.318125
1929.0,178,28498.818411
1869.0,213,28523.157974
1939.0,200,28544.003693
1927.0,181,28564.268837
1342.0,130,28577.907073
1876.0,194,28598.060046
1057.0,99,28607.965508
1069.0,113,28619.128441
818.0,122,28633.50023
255.0,29,28636.581608
1915.0,201,28657.185136
1699.0,160,28672.97665
1720.0,174,28692.13248
2353.0,400,28731.476091
2359.0,353,28771.984482
1877.0,212,28792.748638
250.0,27,28795.095321
3052.0,484,28847.991977
1050.0,131,28860.837949
1700.0,173,28879.949633
1046.0,120,28892.098985
1931.0,177,28911.930258
1424.0,141,28928.167639
1583.0,192,28949.341763
657.0,78,28957.11051
618.0,64,28963.515672
1939.0,178,28981.062807
2355.0,316,29014.852988
3054.0,393,29056.214188
3077.0,359,29091.172832
1577.0,155,29109.595255
605.0,57,29115.351324
1874.0,212,29136.329136
1941.0,173,29155.704861
659.0,68,29162.35487
2351.0,352,29197.913037
1927.0,189,29218.929851
2359.0,312,29252.166448
248.0,28,29254.888854
828.0,126,29267.365241
1441.0,215,29290.841519
1070.0,120,29302.87971
1936.0,207,29325.398014
1888.0,166,29341.92473
2654.0,312,29374.85675
1722.0,184,29394.160099
1701.0,165,29410.728984
1055.0,106,29423.412363
2596.0,645,29490.029368
1705.0,158,29507.791656
1868.0,209,29528.441141
1873.0,214,29549.781418
1334.0,125,29564.971146
2990.0,748,29641.291738
1690.0,172,29660.588597
1056.0,140,29674.947505
3064.0,394,29715.661987
807.0,145,29731.801213
1671.0,269,29759.788406
1878.0,190,29777.937416
1051.0,100,29788.339637
1886.0,193,29810.079608
3068.0,432,29855.462814
1950.0,174,29872.826585
1948.0,203,29895.447849
1941.0,174,29916.912679
1347.0,124,29929.317982
1873.0,190,29950.519936
1954.0,178,29969.17554
2365.0,372,30009.461156
1046.0,174,30026.648587
3050.0,492,30078.214396
653.0,67,30086.48433
2355.0,270,30114.025689
1888.0,186,30134.736582
2369.0,336,30170.269696
1895.0,182,30190.519328
1600.0,142,30204.660639
2370.0,290,30232.675572
1929.0,218,30256.40549
3065.0,445,30309.834751
1701.0,194,30333.122893
619.0,59,30339.216163
627.0,199,30360.86676
2390.0,250,30387.923338
2998.0,700,30461.429834
1443.0,131,30476.681332
2881.0,748,30553.95325
1695.0,177,30573.762003
2630.0,392,30617.540565
1696.0,170,30634.615483
1712.0,174,30651.87397
2860.0,748,30730.569946
1081.0,104,30740.936773
1344.0,119,30753.794405
3052.0,537,30808.041896
1941.0,169,30827.15082
2383.0,248,30851.691496
1862.0,193,30870.580026
1938.0,181,30890.161887
653.0,68,30897.974296
1931.0,184,30917.443708
1917.0,211,30938.2937
2871.0,748,31017.737706
1956.0,199,31039.886816
2381.0,290,31067.444614
1864.0,206,31089.433614
3012.0,613,31156.084564
2768.0,748,31232.93785
1939.0,192,31254.260152
648.0,69,31261.15873
659.0,68,31268.204354
612.0,57,31275.711207
606.0,85,31284.152129
1953.0,175,31301.523845
2995.0,718,31376.983425
1696.0,393,31416.965477
3027.0,688,31485.508976
1715.0,172,31503.378003
1577.0,156,31518.458014
2320.0,563,31577.826906
1042.0,108,31588.573426
1716.0,185,31608.375234
2374.0,283,31636.998109
624.0,74,31644.255276
1711.0,171,31661.125403
3006.0,626,31727.748626
2380.0,257,31755.555444
1701.0,159,31773.401066
1699.0,155,31788.563702
2589.0,748,31867.097233
2048.0,748,31947.822203
1712.0,163,31963.907016
1929.0,201,31983.592344
1925.0,180,32003.75833
1860.0,204,32024.181059
2645.0,296,32055.608428
2353.0,407,32098.24907
811.0,184,32116.450139
816.0,135,32129.974005
612.0,57,32135.60635
2361.0,292,32169.201313
605.0,57,32175.580064
1871.0,172,32192.664701
2624.0,450,32241.640573
1584.0,149,32256.34672
607.0,57,32261.73718
2360.0,298,32293.725164
1687.0,168,32311.321371
1854.0,212,32333.395514
1576.0,207,32353.079075
653.0,68,32360.127508
1330.0,124,32373.770413
2340.0,425,32419.876212
2193.0,748,32497.785026
1724.0,168,32516.557129
2367.0,303,32549.106303
2050.0,748,32627.407042
2323.0,515,32678.928865
2358.0,392,32719.283749
2376.0,277,32748.413075
2362.0,432,32793.533238
1332.0,125,32805.705364
1075.0,97,32815.352513
1583.0,141,32831.55748
1587.0,161,32847.457016
1435.0,148,32861.741467
1935.0,170,32879.631669
1428.0,137,32895.402362
1556.0,168,32913.543152
1319.0,156,32929.808248
2855.0,748,33004.526196
2375.0,278,33037.627249
2352.0,378,33077.020999
1927.0,173,33094.051256
2339.0,292,33123.900632
2320.0,558,33183.561379
2315.0,575,33242.476167
2363.0,408,33285.15036
2406.0,748,33362.113169
2310.0,522,33415.958376
2043.0,748,33494.332563
2034.0,748,33569.525667
2318.0,485,33620.638782
2683.0,748,33702.360328
1856.0,182,33722.743911
1930.0,186,33740.876245
1925.0,178,33759.271389
1934.0,211,33780.084203
2373.0,232,33805.300364
1955.0,196,33824.321413
2302.0,589,33886.073761
2816.0,748,33966.893711
2353.0,375,34005.864747
1339.0,132,34019.220428
2039.0,748,34094.592479
2060.0,748,34173.082316
3042.0,534,34230.385631
1704.0,155,34247.773105
617.0,68,34254.419998
3046.0,537,34309.725773
1865.0,246,34336.94423
2592.0,487,34385.332772
1937.0,170,34404.021286
238.0,31,34407.602928
239.0,30,34410.763851
2323.0,497,34459.414819
2364.0,290,34491.409314
1926.0,195,34510.575052
610.0,59,34517.481638
612.0,57,34524.372864
2812.0,748,34599.383789
2650.0,266,34627.19742
1925.0,200,34649.723743
2378.0,258,34677.419092
1739.0,187,34698.328341
2309.0,517,34751.722993
1706.0,155,34767.03333
3014.0,651,34833.70942
2397.0,748,34914.960084
1919.0,183,34932.892742
3051.0,414,34973.616844
2732.0,748,35048.708564
2358.0,233,35074.649878
2339.0,359,35112.885272
2304.0,583,35172.20578
1862.0,176,35191.701804
2721.0,748,35270.550921
608.0,58,35276.361428
2632.0,374,35315.355172
3026.0,518,35370.975864
1917.0,202,35391.029131
1921.0,218,35412.364075
2379.0,261,35440.400954
3018.0,600,35502.030793
2359.0,277,35531.61528
2311.0,522,35583.426195
2287.0,610,35648.707101
1927.0,215,35670.082817
2348.0,319,35704.028789
2797.0,748,35781.713136
629.0,74,35789.034765
1443.0,127,35801.735568
1693.0,160,35819.992592
2407.0,748,35899.27453
1933.0,173,35918.755856
1022.0,248,35943.349995
2338.0,387,35983.8417
610.0,82,35991.943657
1442.0,129,36004.864477
2319.0,572,36063.281561
2197.0,748,36143.661219
2488.0,748,36223.827929
1863.0,220,36245.426633
1046.0,160,36263.584438
1711.0,197,36283.155468
653.0,68,36289.560075
1940.0,237,36317.388001
2203.0,748,36395.630927
1941.0,211,36418.769791
818.0,146,36433.57817
1912.0,214,36455.684705
1698.0,169,36472.415226
815.0,137,36486.401337
1662.0,362,36524.586417
648.0,68,36531.353087
1703.0,164,36549.167029
1421.0,177,36568.263352
2462.0,748,36646.618882
1382.0,367,36688.091488
1695.0,207,36709.597565
2801.0,748,36785.698734
3010.0,747,36864.098287
1954.0,179,36881.750891
1928.0,179,36899.550381
1932.0,213,36922.891233
3042.0,531,36978.478395
3138.0,657,37052.522623
2364.0,317,37086.436362
3048.0,434,37129.262462
2374.0,236,37152.582869
2642.0,316,37186.584533
1711.0,161,37200.974403
653.0,67,37208.384777
1700.0,151,37225.210199
1947.0,187,37244.562764
1693.0,161,37260.417827
2300.0,619,37326.041985
3027.0,559,37384.553637
1335.0,142,37398.572517
606.0,58,37404.304544
3075.0,358,37443.849654
2938.0,748,37522.766075
1970.0,178,37540.227736
2362.0,436,37585.644257
2616.0,449,37632.714436
611.0,59,37638.930565
1932.0,188,37659.116379
612.0,57,37665.470182
1592.0,169,37683.012242
1856.0,186,37704.490923
1340.0,144,37718.901832
2246.0,748,37801.736949
1358.0,120,37813.538777
2780.0,748,37890.333057
1357.0,120,37902.543942
3016.0,612,37968.321854
1713.0,150,37984.637084
2421.0,748,38063.114694
2966.0,748,38140.203514
3014.0,515,38193.581414
1339.0,131,38208.30118
1707.0,161,38225.594561
3143.0,572,38289.101948
747.0,97,38299.638796
3001.0,738,38375.442316
1931.0,169,38394.190248
3014.0,571,38457.142827
1935.0,192,38476.488955
2695.0,748,38554.918849
2353.0,326,38589.63348
2312.0,473,38638.392694
605.0,61,38645.473038
1708.0,155,38663.197439
2294.0,639,38730.687858
2598.0,420,38776.894745
1710.0,163,38794.20371
2422.0,748,38871.707061
1054.0,101,38881.593881
3027.0,450,38931.437664
1946.0,170,38948.431958
1927.0,170,38967.52293
631.0,71,38973.845273
2968.0,748,39050.694621
2311.0,586,39114.216795
2359.0,308,39146.782081
2663.0,238,39170.408764
2653.0,748,39250.001147
1666.0,168,39268.994111
2608.0,446,39317.19735
1919.0,169,39334.444479
2726.0,748,39412.882749
3009.0,548,39470.306718
2644.0,313,39501.376734
653.0,75,39509.476242
3005.0,727,39588.445021
2367.0,236,39615.624486
1941.0,168,39633.271035
2357.0,300,39662.705138
1920.0,168,39681.263634
605.0,59,39687.853071
1702.0,157,39704.221208
2359.0,399,39745.874443
1942.0,172,39765.191426
2812.0,748,39843.348847
605.0,57,39849.277248
2993.0,624,39917.29097
2631.0,558,39977.235537
663.0,75,39984.701415
1941.0,196,40004.008445
2371.0,247,40030.82744
3059.0,316,40062.901924
290.0,748,40141.400799
1899.0,165,40160.036267
3025.0,543,40218.601825
2377.0,243,40244.773504
2800.0,748,40321.649665
1702.0,153,40339.070994
3053.0,427,40383.409876
1589.0,160,40402.317201
2354.0,383,40441.76834
3008.0,654,40510.231283
1932.0,186,40530.398166
3023.0,575,40592.059917
245.0,27,40595.860081
2376.0,246,40623.634614
3008.0,729,40700.239369
3029.0,504,40754.897288
610.0,57,40760.627333
1923.0,180,40780.652957
2350.0,443,40826.56013
1937.0,170,40843.422088
2395.0,254,40872.520026
1947.0,171,40889.579213
3038.0,547,40946.147192
2311.0,669,41016.920447
2632.0,339,41052.262283
1701.0,224,41077.014023
749.0,99,41089.136015
1330.0,141,41102.957902
2321.0,569,41164.795307
240.0,30,41167.88384
1681.0,178,41187.815685
1441.0,162,41206.080087
1723.0,169,41222.891933
1930.0,186,41243.789576
2658.0,272,41271.391815
1707.0,164,41289.257999
1952.0,172,41309.581815
1447.0,127,41324.162956
608.0,58,41330.358348
828.0,122,41342.29477
1931.0,175,41361.97274
1967.0,174,41379.305167
1574.0,142,41393.35583
1920.0,195,41412.903536
2657.0,268,41444.029241
1441.0,130,41456.806616
2333.0,477,41506.39719
2364.0,241,41533.500104
1438.0,135,41548.794378
2368.0,249,41575.59874
1437.0,128,41588.867556
1352.0,120,41600.666884
1437.0,128,41613.436928
1437.0,127,41627.684891
2822.0,748,41708.32432
2986.0,680,41779.696176
3070.0,373,41818.063077
1920.0,189,41839.205717
1862.0,177,41858.98804
2343.0,316,41892.259906
1952.0,171,41911.378262
3028.0,584,41974.414095
2380.0,226,41998.843202
2588.0,711,42073.796311
2342.0,310,42106.569433
1345.0,121,42118.996653
1936.0,180,42140.15416
1880.0,164,42156.95017
2295.0,642,42226.168496
3049.0,429,42271.892948
1330.0,134,42285.179602
3022.0,535,42342.724779
1876.0,171,42359.691821
3016.0,634,42427.211318
3070.0,374,42467.880338
3061.0,365,42506.717219
2376.0,230,42531.175159
2871.0,748,42612.474664
1931.0,169,42630.607395
3019.0,681,42703.333694
1711.0,165,42719.764172
1942.0,170,42738.929914
2383.0,227,42763.139934
1696.0,162,42780.89811
2377.0,248,42806.990846
2350.0,362,42845.605273
3013.0,726,42922.763758
3020.0,564,42982.054159
2651.0,298,43014.969568
1873.0,164,43033.236023
1433.0,138,43047.510303
1911.0,195,43069.428985
604.0,61,43075.998806
817.0,126,43088.359634
1057.0,107,43099.106635
2330.0,522,43155.412987
1931.0,189,43176.44531
3028.0,577,43239.168169
1929.0,168,43255.805914
1935.0,169,43274.870658
1057.0,107,43285.407919
3047.0,481,43334.186617
1335.0,134,43349.101509
1951.0,182,43367.22541
2359.0,354,43408.19746
1051.0,97,43417.833217
2350.0,395,43462.086895
1704.0,170,43481.070634
2364.0,250,43506.361826
1334.0,131,43519.516917
2217.0,748,43600.924868
1705.0,170,43619.986846
1429.0,162,43636.068388
2982.0,748,43716.233265
1925.0,173,43735.603975
1925.0,198,43757.275109
1918.0,195,43778.330189
2382.0,239,43802.348929
1729.0,157,43819.134368
1727.0,158,43836.141657
2361.0,391,43879.284406
2605.0,519,43935.14728
1943.0,179,43955.244262
1734.0,152,43972.479114
1908.0,178,43991.206688
2361.0,313,44024.293479
1932.0,170,44043.261885
3012.0,634,44112.233945
1424.0,162,44130.712025
2785.0,748,44212.668937
2392.0,214,44236.538118
1928.0,170,44253.336185
712.0,748,44334.064999
3048.0,454,44384.019585
1951.0,171,44402.020819
1581.0,140,44415.976507
3040.0,487,44467.511903
2002.0,748,44548.319988
3004.0,677,44622.552745
2386.0,239,44646.826541
2375.0,226,44671.61268
3065.0,390,44712.258626
3069.0,395,44754.399011
3044.0,521,44810.630067
3447.0,598,44879.314584
2971.0,748,44962.332621
625.0,74,44971.608487
1952.0,184,44991.083571
3078.0,308,45024.015915
3003.0,732,45103.493467
2373.0,344,45139.553723
3040.0,467,45189.463197
1938.0,169,45208.473441
1341.0,168,45225.159576
609.0,58,45230.751985
2986.0,738,45311.877793
648.0,67,45318.584512
2378.0,223,45342.917977
2678.0,261,45371.461764
2367.0,232,45398.064224
1049.0,102,45408.024382
2054.0,748,45487.44859
817.0,125,45502.292023
2386.0,212,45525.876462
764.0,116,45538.174371
2333.0,451,45585.321891
2594.0,532,45640.524882
736.0,90,45651.235821
1936.0,169,45670.158375
3039.0,424,45713.711477
1943.0,173,45733.206203
3056.0,433,45783.00661
2054.0,748,45861.52533
3048.0,476,45912.764587
3064.0,315,45947.026096
2054.0,748,46026.495511
3015.0,588,46089.573876
3018.0,524,46143.900736
2388.0,241,46171.010508
3095.0,267,46199.90769
2372.0,271,46229.22626
3067.0,393,46272.183739
1948.0,212,46295.574736
653.0,67,46302.197302
1946.0,186,46322.992155
611.0,58,46328.62185
2386.0,234,46354.917881
1051.0,121,46367.147053
761.0,98,46376.782156
2380.0,258,46404.670721
3057.0,405,46449.362725
2375.0,271,46477.029048
3060.0,306,46509.774529
2388.0,245,46537.274231
2394.0,293,46567.132114
2371.0,236,46593.593414
743.0,95,46603.265897
1353.0,161,46621.195005
2386.0,225,46646.449162
2365.0,338,46682.182148
2370.0,338,46717.936056
2384.0,258,46745.121039
3015.0,621,46813.009452
2667.0,255,46839.052427
2589.0,677,46913.994804
1659.0,186,46934.714839
2613.0,407,46975.070226
3034.0,493,47028.409422
741.0,107,47043.845769
1590.0,199,47065.426147
3087.0,330,47102.86683
1948.0,169,47121.274421
2806.0,748,47202.409431
3061.0,494,47256.748469
3085.0,349,47293.658284
1690.0,162,47309.753519
2658.0,262,47337.32763
3034.0,499,47391.186573
1731.0,168,47409.826949
2380.0,265,47436.463848
3465.0,555,47499.311217
1933.0,211,47522.019983
1054.0,116,47534.939162
2367.0,297,47566.623099
2356.0,293,47597.418114
2384.0,227,47620.805506
3057.0,381,47664.500288
749.0,108,47675.817482
2640.0,449,47726.004559
3085.0,339,47762.89652
3035.0,489,47814.393793
3078.0,382,47856.985747
1062.0,129,47869.57944
1348.0,132,47885.062072
1857.0,180,47905.17507
1936.0,200,47924.965029
1345.0,144,47941.465434
2633.0,339,47977.861817
2363.0,284,48009.869646
2372.0,261,48035.615708
2992.0,729,48114.487115
1937.0,221,48136.272847
2385.0,271,48167.503811
736.0,73,48174.669767
3054.0,531,48229.067205
2010.0,748,48310.571326
3019.0,546,48369.35126
3064.0,404,48414.679715
2768.0,748,48493.594395
3071.0,337,48531.448291
735.0,128,48546.394224
2860.0,748,48627.053828
1441.0,146,48643.43011
2369.0,223,48665.885752
618.0,63,48672.15613
3047.0,543,48729.871002
2710.0,748,48809.915809
2982.0,748,48890.697538
3098.0,307,48925.532938
3069.0,454,48972.768325
1361.0,128,48986.98849
3098.0,357,49023.669915
1952.0,180,49043.800148
1347.0,132,49059.032412
2977.0,748,49137.51191
3070.0,394,49180.78442
2977.0,748,49260.18521
2627.0,455,49310.541308
2365.0,222,49338.722518
3121.0,664,49421.584582
3004.0,678,49500.842761
3050.0,495,49558.909086
607.0,58,49565.73837
241.0,32,49570.760003
2993.0,702,49665.249944
2374.0,230,49706.346509
3070.0,315,49749.425865
1052.0,97,49763.670253
1705.0,170,49784.557044
621.0,75,49794.043947
2982.0,748,49891.787305
3095.0,297,49929.522882
3076.0,340,49972.65484
2744.0,748,50064.590116
3042.0,409,50116.864996
2385.0,226,50147.76651
3015.0,648,50223.908634
3089.0,325,50267.162138
2370.0,233,50295.524217
3036.0,617,50369.71506
1446.0,128,50385.799095
1357.0,132,50406.452718
3047.0,401,50457.382566
3033.0,458,50516.017524
3012.0,607,50586.869883
3139.0,663,50662.439996
1358.0,124,50676.376463
3148.0,491,50733.350377
2661.0,247,50759.939327
2392.0,241,50786.046753
2752.0,304,50819.013397
2966.0,748,50899.275391
3045.0,446,50949.110301
652.0,74,50956.323568
3067.0,356,50996.087445
3043.0,607,51064.766927
3072.0,332,51099.741838
2759.0,296,51132.272285
1935.0,169,51150.13684
2349.0,423,51197.140127
3067.0,407,51240.28674
3025.0,671,51313.835756
608.0,59,51319.482337
3173.0,1049,51435.433729
2387.0,242,51464.581452
1576.0,748,51545.388146
606.0,60,51552.02106
3065.0,295,51584.772997
2336.0,748,51666.887163
2374.0,244,51693.681657
1856.0,183,51714.095426
2377.0,214,51737.549965
3935.0,577,51800.601866
1356.0,124,51814.74614
1947.0,195,51835.412157
2397.0,269,51864.418427
2390.0,239,51892.304667
2387.0,231,51917.520741
2648.0,303,51949.677974
2802.0,748,52028.867131
2651.0,254,52058.134537
3060.0,443,52108.422953
1950.0,179,52131.955768
2357.0,323,52165.705107
2658.0,250,52192.523144
2683.0,243,52219.732338
3084.0,346,52255.911881
2801.0,748,52337.17073
1921.0,179,52354.253195
3072.0,308,52388.60068
2981.0,748,52474.191034
3065.0,317,52509.424971
2962.0,748,52589.22793
2349.0,332,52626.653154
2662.0,247,52653.395006
3048.0,373,52693.813441
2366.0,225,52718.955249
2606.0,428,52764.58441
3008.0,701,52841.974662
1934.0,169,52861.058334
609.0,63,52867.164376
3053.0,507,52921.724256
1328.0,132,52936.457817
1929.0,170,52955.133176
1328.0,130,52968.125562
1890.0,174,52987.117833
613.0,59,52992.437473
1947.0,193,53014.093888
3036.0,541,53077.521842
1940.0,168,53095.015392
1878.0,184,53114.985662
614.0,76,53124.847255
2769.0,748,53206.606701
2737.0,748,53286.00046
1864.0,224,53310.700496
2757.0,276,53341.155157
3149.0,573,53404.653618
611.0,59,53410.586638
607.0,57,53416.239386
607.0,57,53421.795347
607.0,57,53428.779005
608.0,58,53435.607664
611.0,61,53441.497514
252.0,27,53444.283112
252.0,27,53447.753021
252.0,27,53451.346967
252.0,27,53454.43871
252.0,27,53457.284367
252.0,28,53459.9319
236.0,31,53462.98291
249.0,27,53465.780785
252.0,27,53468.282104
252.0,27,53470.960972
252.0,27,53473.819941
252.0,27,53477.839482
723.0,197,53498.031467
252.0,27,53500.819123
252.0,27,53504.521775
1432.0,143,53519.880655
248.0,29,53523.458457
1432.0,177,53543.148132
247.0,28,53547.052418
252.0,27,53550.197892
248.0,27,53553.022386
250.0,27,53555.620948
252.0,27,53558.172689
252.0,27,53561.014632
252.0,27,53563.600608
252.0,27,53566.19999
249.0,27,53569.033593
252.0,27,53571.640228
252.0,27,53574.21958
252.0,27,53577.051263
252.0,27,53580.805684
252.0,27,53584.165525
252.0,27,53587.161168
250.0,27,53589.952113
252.0,27,53592.468837
3063.0,427,53634.636832
822.0,127,53651.570212
613.0,62,53658.286874
1437.0,130,53673.094483
607.0,58,53679.117868
2363.0,234,53704.69973
612.0,64,53710.919294
3074.0,403,53754.881247
3061.0,419,53800.222352
1435.0,135,53813.79347
648.0,67,53820.395799
1922.0,189,53841.554303
3003.0,682,53915.624469
1703.0,172,53933.978894
608.0,58,53939.852934
1709.0,160,53958.092651
1344.0,157,53974.800646
3071.0,318,54008.196204
3070.0,369,54047.633255
2689.0,552,54109.015212
1871.0,400,54150.740154
3043.0,531,54209.960025
2206.0,748,54289.84501
620.0,65,54297.012717
2370.0,238,54321.752275
1932.0,200,54343.94262
826.0,748,54425.55996
3022.0,505,54479.585363
3033.0,557,54539.44206
3025.0,572,54602.009335
1918.0,169,54618.851494
3028.0,635,54689.646705
3052.0,437,54737.267411
2791.0,748,54819.617173
2346.0,263,54845.78902
2737.0,748,54927.719167
1930.0,173,54944.828001
3042.0,405,54989.557479
2373.0,240,55015.86427
2966.0,748,55098.59443
653.0,72,55106.718575
3079.0,323,55143.095192
3011.0,613,55208.613765
820.0,136,55222.064096
3001.0,668,55295.805253
2354.0,345,55334.623628
3052.0,382,55374.283354
2374.0,225,55397.110931
3045.0,444,55446.914437
2029.0,748,55525.870382
2629.0,377,55566.949203
1934.0,203,55587.114357
1885.0,438,55636.681645
3073.0,329,55670.847845
1047.0,124,55683.385762
1352.0,124,55695.431237
2812.0,748,55777.802719
3043.0,428,55826.134382
1664.0,191,55845.696247
1430.0,150,55861.965544
3039.0,474,55914.027308
2378.0,263,55941.205958
3033.0,607,56006.715219
1024.0,100,56016.763626
1803.0,216,56042.075327
1046.0,105,56054.647565
1444.0,239,56083.609213
1042.0,137,56103.478804
2343.0,403,56152.771893
1703.0,170,56173.614408
1426.0,156,56192.894756
616.0,80,56201.768155
1410.0,249,56228.164875
630.0,68,56235.927076
2305.0,569,56299.91575
2362.0,347,56340.6139
1432.0,130,56355.278266
1052.0,100,56366.847215
721.0,117,56378.873278
2351.0,299,56414.850108
1417.0,185,56438.36636
1696.0,169,56457.833791
1949.0,247,56486.986484
3054.0,371,56527.400573
734.0,80,56536.623355
3056.0,340,56576.563381
2993.0,678,56652.818751
2776.0,748,56732.326842
1693.0,154,56750.0616
1933.0,183,56769.278286
1047.0,130,56782.075882
1929.0,182,56802.440099
1690.0,229,56830.531433
2782.0,748,56911.195972
2376.0,256,56940.386542
3058.0,427,56984.190737
2993.0,650,57057.249434
2627.0,488,57109.095553
1954.0,170,57125.724032
1320.0,133,57139.721868
3075.0,320,57174.728405
3064.0,427,57222.332021
3070.0,346,57260.262039
2325.0,541,57318.197493
2811.0,748,57398.877847
1338.0,174,57417.13607
1717.0,159,57433.768787
3040.0,568,57494.096327
1704.0,161,57512.038357
3033.0,580,57573.731254
3032.0,612,57639.247633
2404.0,217,57662.975443
658.0,68,57671.413467
1698.0,165,57688.046787
2366.0,296,57716.373913
1932.0,182,57739.702768
1861.0,187,57758.196891
610.0,60,57765.961872
3031.0,589,57832.65196
610.0,59,57838.256358
610.0,60,57844.205265
610.0,59,57850.074484
607.0,58,57855.586141
2801.0,748,57936.402804
1859.0,179,57956.00034
3003.0,648,58025.019427
2974.0,720,58102.139549
1710.0,170,58121.819337
1592.0,144,58137.355997
2376.0,235,58161.525277
1700.0,170,58181.308095
1428.0,139,58195.688398
1962.0,175,58212.893213
3000.0,583,58277.125772
3024.0,601,58340.547367
607.0,59,58347.076609
252.0,27,58349.852458
775.0,138,58363.198461
1350.0,159,58381.06258
617.0,63,58387.723243
3065.0,473,58440.2265
2368.0,221,58463.963705
2172.0,748,58545.250669
2589.0,504,58602.67596
2676.0,748,58681.39983
2690.0,408,58726.062518
651.0,76,58734.451893
242.0,36,58737.808358
3061.0,356,58776.824901
2350.0,376,58816.357258
2362.0,227,58841.851599
3012.0,634,58910.499925
2386.0,228,58935.396044
609.0,58,58940.587436
3001.0,686,59014.944192
2725.0,748,59097.114823
1313.0,183,59114.927592
2390.0,217,59138.690577
2240.0,748,59220.613756
3079.0,325,59255.281066
3049.0,402,59300.775438
2656.0,246,59327.978209
1913.0,231,59354.5776
2365.0,265,59383.82704
1915.0,213,59405.698733
3385.0,1050,59519.883884
1438.0,127,59533.30893
248.0,27,59535.815555
3166.0,495,59591.398162
3058.0,405,59635.909355
2619.0,484,59689.595291
3040.0,509,59745.222332
2379.0,241,59771.967757
2663.0,281,59799.809247
607.0,57,59805.230255
1352.0,120,59819.466222
3014.0,616,59884.43854
2608.0,298,59916.301304
2342.0,407,59960.143464
2366.0,240,59986.771215
3025.0,597,60050.359195
1859.0,217,60074.922791
3058.0,429,60121.294883
3068.0,325,60155.389631
3067.0,411,60201.48519
612.0,80,60209.921819
3059.0,347,60245.549429
1895.0,199,60270.204534
3055.0,365,60309.768898
3063.0,425,60355.875657
1962.0,171,60372.625684
3085.0,343,60410.490397
3070.0,311,60443.141944
2054.0,748,60524.106702
1954.0,179,60543.855155
3000.0,692,60616.143332
2956.0,748,60696.857989
1584.0,144,60712.360644
2606.0,485,60766.110644
3767.0,981,60871.648432
3063.0,408,60914.779367
1931.0,188,60935.106317
1342.0,135,60949.691419
1925.0,189,60970.462237
1865.0,189,60990.725497
3018.0,613,61056.739694
3073.0,379,61098.417116
1700.0,240,61122.860631
1060.0,105,61133.325507
1943.0,177,61151.405433
1058.0,111,61164.35345
2044.0,748,61246.011375
2382.0,254,61274.140453
3036.0,537,61330.423232
3028.0,559,61393.0725
3067.0,352,61429.938817
249.0,27,61432.747016
2329.0,499,61488.066865
2995.0,745,61567.670479
1596.0,152,61582.703161
3035.0,540,61641.17991
2816.0,748,61720.14302
2389.0,244,61748.41807
1325.0,178,61767.627984
2676.0,250,61795.171783
2677.0,677,61866.780833
1704.0,162,61885.04163
2676.0,250,61911.859584
3055.0,446,61962.214811
2674.0,274,61988.962373
1340.0,143,62005.401135
3085.0,368,62044.625671
592.0,91,62053.47245
3081.0,341,62091.077588
1889.0,173,62110.170834
3059.0,421,62151.918576
1949.0,178,62171.621745
3062.0,512,62229.347374
2385.0,262,62261.023703
1934.0,219,62283.721723
2388.0,262,62312.624656
3059.0,393,62353.073747
2790.0,748,62432.917264
3055.0,465,62485.256079
3140.0,507,62542.39013
2998.0,728,62622.020567
2768.0,748,62703.718115
3052.0,457,62754.087441
2377.0,266,62782.541358
653.0,67,62789.983507
2638.0,252,62816.529784
1056.0,108,62827.223917
631.0,69,62834.911005
627.0,68,62842.433917
3058.0,403,62886.739969
3077.0,308,62921.358922
3055.0,465,62972.303977
3083.0,344,63008.366859
3050.0,415,63052.436671
2391.0,228,63078.647331
3064.0,402,63120.440147
3067.0,362,63158.826748
607.0,58,63164.781396
1052.0,99,63174.423448
1935.0,186,63194.813703
3077.0,363,63233.71168
2621.0,391,63277.06857
2379.0,221,63301.575048
2348.0,364,63336.901024
3046.0,488,63386.915344
1928.0,209,63410.765084
2379.0,255,63437.502932
2988.0,731,63517.37425
2711.0,748,63596.592867
1886.0,167,63616.0308
3028.0,500,63670.405829
2986.0,684,63742.92672
2620.0,748,63825.239379
232.0,87,63834.318098
587.0,173,63854.014271
600.0,110,63866.110792
630.0,103,63876.335245
618.0,70,63883.201248
1324.0,133,63897.944862
3064.0,422,63942.998039
3036.0,439,63991.340989
1333.0,128,64004.268184
3098.0,331,64041.035192
3043.0,430,64085.447954
1915.0,189,64105.893823
250.0,27,64108.399687
3069.0,396,64146.114251
2378.0,265,64178.659896
1724.0,179,64198.460912
1944.0,169,64215.45528
3050.0,498,64269.954676
2369.0,231,64294.657645
3038.0,452,64342.933115
631.0,72,64350.033015
3063.0,430,64396.893559
1940.0,170,64415.848409
2340.0,373,64455.119667
3024.0,573,64514.527945
3065.0,421,64563.351248
2350.0,399,64604.556874
1352.0,120,64618.716138
3063.0,410,64664.117381
3048.0,502,64717.346489
818.0,146,64733.268679
1432.0,140,64747.740479
1415.0,147,64761.141263
251.0,27,64764.330433
1411.0,146,64782.952394
2978.0,748,64864.854032
1343.0,129,64877.244889
3032.0,532,64933.844134
3052.0,461,64985.119702
1351.0,120,64999.258425
3056.0,514,65053.956513
3056.0,463,65104.051596
1339.0,209,65125.935267
3068.0,355,65163.72641
3044.0,505,65220.131965
2348.0,363,65257.286194
1334.0,157,65274.414587
247.0,28,65277.627013
1442.0,210,65298.298326
2385.0,275,65329.143486
1302.0,135,65343.936626
2631.0,322,65379.038095
3003.0,630,65445.908406
3037.0,559,65506.232385
3096.0,295,65537.395485
1951.0,182,65557.471635
2387.0,214,65581.809994
2388.0,229,65606.857288
3093.0,363,65644.494211
1043.0,157,65662.299659
607.0,57,65668.60294
607.0,57,65674.054254
3085.0,343,65711.772924
1056.0,107,65722.381765
606.0,57,65727.846308
2373.0,284,65758.121465
831.0,140,65773.820166
1947.0,181,65794.843626
2700.0,748,65874.191732
2330.0,489,65926.91426
3056.0,439,65974.117964
1057.0,102,65986.257321
2645.0,348,66022.436025
3026.0,539,66079.406553
1332.0,164,66097.543614
3062.0,389,66138.133795
3082.0,311,66171.535615
3048.0,508,66226.447769
2636.0,305,66263.191296
3080.0,349,66299.523114
3076.0,370,66338.869339
605.0,57,66344.366915
2660.0,241,66371.05519
3030.0,520,66426.474369
2642.0,292,66457.346848
2367.0,232,66482.167492
3044.0,504,66537.505772
3064.0,402,66580.119768
2387.0,223,66605.609605
3000.0,715,66683.415954
2991.0,730,66759.591922
1943.0,169,66778.479005
3085.0,297,66809.643683
1942.0,169,66825.263756
1951.0,196,66849.440718
2376.0,253,66876.532668
3091.0,290,66907.981428
3058.0,458,66957.965877
1344.0,124,66971.192074
1877.0,168,66987.6016
2363.0,311,67022.068797
603.0,57,67027.777525
653.0,67,67034.311565
1951.0,169,67052.986432
1336.0,149,67069.376159
2345.0,386,67110.782345
1941.0,173,67129.932229
3060.0,391,67169.806526
1324.0,120,67181.940553
3037.0,453,67230.782561
1934.0,180,67250.578173
3079.0,327,67284.977886
1049.0,99,67296.529476
1052.0,104,67307.162365
3085.0,294,67339.241548
3066.0,363,67376.112292
606.0,57,67382.452256
3057.0,429,67427.627589
611.0,58,67435.206385
3032.0,482,67488.19894
2646.0,234,67513.819001
1881.0,175,67531.255085
2044.0,748,67611.174349
1934.0,169,67627.747072
1957.0,187,67648.271396
1923.0,188,67668.081223
614.0,60,67674.696319
615.0,60,67681.407493
615.0,60,67688.089852
1944.0,169,67706.689941
3180.0,410,67754.043357
1958.0,183,67774.101703
2643.0,257,67802.28297
1709.0,163,67819.596499
2664.0,264,67846.068133
1933.0,176,67865.434133
629.0,65,67872.665669
617.0,59,67879.097526
3081.0,282,67906.89111
2365.0,298,67938.968753
647.0,67,67946.47831
648.0,67,67954.387027
1956.0,187,67974.499263
1858.0,181,67994.459306
2353.0,259,68023.472771
2634.0,460,68069.849269
648.0,67,68077.794978
648.0,67,68087.577422
1061.0,144,68101.881516
3057.0,460,68150.716524
712.0,748,68230.404927
2774.0,748,68311.155979
1071.0,108,68321.704003
2678.0,258,68348.291685
3084.0,402,68390.60007
2667.0,423,68437.676533
2379.0,235,68463.281287
1057.0,103,68474.528503
1592.0,150,68489.273665
609.0,57,68494.704872
3089.0,671,68566.982841
1030.0,209,68589.980176
611.0,57,68596.200068
611.0,57,68602.54623
611.0,57,68608.015241
3046.0,568,68666.210517
1950.0,185,68685.663148
2616.0,361,68723.328479
1437.0,133,68739.060878
2764.0,748,68819.445731
1684.0,270,68848.106173
1572.0,174,68865.935717
611.0,57,68871.455745
2378.0,245,68897.497815
611.0,57,68903.161041
1061.0,109,68913.740005
2610.0,447,68962.879463
1328.0,134,68977.450066
3059.0,418,69018.918335
3026.0,586,69080.639763
758.0,221,69105.144645
3027.0,477,69157.182111
2385.0,267,69183.351247
612.0,57,69188.847564
1601.0,140,69205.063956
1352.0,130,69217.521236
1579.0,152,69234.76527
3061.0,382,69276.536097
3033.0,524,69331.140212
3050.0,492,69385.067353
2372.0,243,69411.040308
3063.0,329,69444.61848
3035.0,596,69510.419555
1870.0,166,69528.659568
3044.0,423,69572.233968
1048.0,111,69583.915811
3051.0,365,69623.237957
3049.0,426,69666.624102
3016.0,687,69742.074909
3065.0,369,69780.252388
2381.0,223,69804.306951
1587.0,151,69818.909924
612.0,61,69826.496655
3022.0,453,69873.601432
615.0,61,69879.792995
3010.0,642,69946.779324
1958.0,171,69966.750204
1705.0,154,69982.826422
3005.0,644,70052.793295
3036.0,389,70093.739609
1936.0,185,70113.074574
2374.0,232,70138.890177
1711.0,152,70154.637127
1327.0,120,70166.910645
1052.0,97,70178.428751
1693.0,161,70196.391962
3046.0,440,70240.038507
3354.0,1050,70355.734108
2639.0,308,70387.603411
2601.0,555,70443.718354
2769.0,748,70523.923422
1931.0,178,70543.516218
1933.0,180,70563.390285
3068.0,370,70601.31251
3058.0,350,70636.048221
3047.0,407,70679.993799
3008.0,627,70745.407342
3092.0,311,70779.625823
1930.0,171,70797.361652
3039.0,520,70852.433858
2314.0,527,70906.079763
2652.0,271,70934.81675
590.0,148,70951.728896
818.0,125,70963.784696
2314.0,748,71043.82542
1700.0,159,71059.637753
616.0,63,71067.660075
620.0,63,71074.568321
2592.0,644,71141.501697
2719.0,385,71181.508575
1728.0,196,71203.069184
1948.0,169,71219.224276
2378.0,234,71244.570172
2372.0,288,71273.907937
1872.0,182,71292.702758
611.0,61,71298.042977
1429.0,135,71312.878533
1055.0,103,71323.967137
2780.0,748,71400.533113
1425.0,156,71417.760808
2677.0,748,71497.655949
3003.0,704,71572.699008
817.0,125,71585.048231
1432.0,180,71604.972355
1921.0,169,71621.479051
2716.0,400,71662.965589
1045.0,113,71676.295584
1956.0,171,71695.409239
1873.0,175,71713.045572
1435.0,144,71728.819329
2654.0,261,71756.600907
2397.0,225,71780.188473
2645.0,368,71820.760327
1927.0,184,71839.336925
1974.0,189,71860.157287
3075.0,348,71894.434235
2656.0,321,71927.973772
241.0,29,71930.976196
1699.0,168,71949.567951
1351.0,127,71963.232857
3042.0,452,72011.551919
3086.0,288,72040.305557
1927.0,178,72060.996347
3015.0,719,72136.299924
2382.0,221,72158.16233
3898.0,448,72206.74021
3048.0,457,72256.099512
2992.0,726,72332.47826
1670.0,266,72359.548155
2649.0,322,72392.303802
1941.0,191,72413.298633
610.0,62,72419.308467
3868.0,440,72468.683939
2403.0,748,72545.97889
1938.0,169,72564.715846
3093.0,309,72596.436761
2384.0,284,72627.432269
3067.0,437,72672.361972
3072.0,350,72706.683553
1455.0,133,72722.063865
2377.0,240,72747.927369
2363.0,244,72773.93894
2365.0,223,72795.69241
3095.0,295,72826.898841
1344.0,126,72839.239845
1699.0,163,72855.024052
3083.0,304,72887.063359
2370.0,263,72915.928502
2374.0,218,72936.664486
648.0,67,72943.307635
648.0,67,72950.298007
780.0,134,72965.674299
2662.0,309,72999.141711
3066.0,311,73031.974827
252.0,27,73035.524733
3001.0,581,73096.912526
1933.0,234,73121.976801
2995.0,740,73198.957323
3653.0,403,73242.50677
2395.0,222,73264.910487
1701.0,171,73283.873249
3013.0,679,73357.866461
2391.0,231,73380.533199
1056.0,103,73392.8276
1686.0,166,73408.441535
2376.0,371,73449.5753
2662.0,261,73475.219698
1700.0,164,73494.506004
1434.0,141,73508.389438
2636.0,354,73545.320824
734.0,70,73553.816097
1350.0,126,73567.844349
2735.0,365,73605.458639
1047.0,110,73615.952153
1330.0,146,73630.897293
1433.0,135,73645.762418
252.0,27,73648.232945
648.0,67,73654.929045
1565.0,151,73672.00059
2563.0,702,73749.618322
2295.0,595,73810.785978
611.0,57,73817.068566
2364.0,248,73841.500229
1447.0,130,73854.646874
3053.0,463,73905.053517
1356.0,125,73919.607728
2365.0,239,73943.093901
3025.0,509,73996.237875
606.0,58,74002.741437
1933.0,174,74020.817538
1936.0,179,74040.691264
3156.0,577,74103.922856
2370.0,218,74127.66824
1875.0,174,74144.677444
3061.0,307,74175.213121
2999.0,720,74252.366417
1935.0,176,74268.623352
3062.0,409,74311.720438
3052.0,355,74351.124624
1044.0,113,74362.419251
2381.0,217,74385.763372
1939.0,179,74403.198455
1345.0,126,74415.565025
2991.0,682,74487.947858
2376.0,262,74515.423348
3072.0,356,74552.542207
3075.0,318,74586.232977
3047.0,382,74627.58086
3089.0,293,74659.189944
3082.0,303,74691.431441
728.0,165,74708.154706
1856.0,163,74725.92153
2383.0,238,74751.390709
2308.0,523,74805.372839
1739.0,152,74822.181413
3031.0,483,74874.661288
3015.0,671,74943.03129
1878.0,181,74963.101257
2776.0,748,75043.015436
653.0,67,75051.194816
2741.0,748,75130.955585
1701.0,188,75149.396035
1932.0,187,75168.59497
1880.0,174,75187.126099
606.0,58,75193.638232
1339.0,135,75208.608302
1708.0,171,75225.891203
610.0,57,75231.819976
611.0,58,75239.333869
2656.0,325,75271.292864
3045.0,496,75324.698821
2663.0,257,75352.218931
3192.0,322,75386.168899
3027.0,480,75437.819562
2356.0,260,75465.630037
1424.0,137,75480.814544
2375.0,270,75507.679086
1432.0,134,75521.087674
1947.0,177,75540.010229
1950.0,178,75559.947542
2366.0,227,75584.674302
3077.0,333,75619.905643
2362.0,264,75645.798069
3018.0,578,75706.652091
1333.0,125,75718.794989
1350.0,120,75732.911598
1931.0,169,75751.745534
3079.0,329,75787.934668
2360.0,303,75818.194643
2369.0,248,75845.604366
3069.0,323,75881.553899
3071.0,287,75909.668401
3033.0,444,75955.643154
3058.0,407,75998.52822
1441.0,130,76012.870519
1056.0,98,76022.570056
1332.0,134,76037.518215
1335.0,124,76050.239186
3014.0,518,76107.46823
1050.0,101,76117.385978
1950.0,181,76137.513541
1045.0,122,76148.506411
1692.0,166,76166.562495
2371.0,245,76191.947155
1587.0,160,76207.886546
3081.0,319,76241.584831
2621.0,307,76276.658144
1912.0,220,76300.272547
2324.0,748,76378.139031
3070.0,366,76416.822813
2367.0,257,76444.182336
635.0,132,76457.720214
2371.0,288,76487.576174
1589.0,144,76504.225927
1847.0,188,76522.677983
1949.0,175,76542.640281
1339.0,125,76556.392712
1937.0,216,76579.779044
1904.0,200,76599.584873
2371.0,264,76627.842627
3026.0,592,76691.37998
3070.0,316,76724.56306
3062.0,338,76760.127672
1921.0,168,76778.992432
2366.0,281,76808.809737
3035.0,519,76862.1548
1436.0,136,76877.950185
2662.0,267,76904.073173
2377.0,253,76932.792659
2389.0,223,76955.629923
1942.0,204,76978.68804
2045.0,748,77056.890811
619.0,58,77062.430629
1429.0,143,77076.416595
1938.0,203,77098.471691
1718.0,171,77115.950278
1593.0,152,77132.118762
1687.0,174,77149.090687
1718.0,165,77167.657667
1934.0,191,77186.414173
3070.0,297,77218.531697
2318.0,598,77283.372764
1705.0,161,77302.2285
1959.0,187,77323.006766
1703.0,183,77343.243598
3070.0,293,77374.859215
650.0,66,77382.915854
1938.0,179,77400.563714
3062.0,311,77433.272263
1933.0,188,77454.21025
2649.0,253,77479.794602
3807.0,628,77550.301312
1936.0,183,77567.326272
1935.0,235,77590.07353
3051.0,360,77629.316171
3083.0,303,77661.638495
1927.0,176,77681.130115
3040.0,464,77730.96014
2628.0,423,77774.694806
1927.0,176,77791.894949
1915.0,176,77810.871001
1941.0,187,77830.647432
1919.0,172,77849.777732
1933.0,179,77869.571992
1943.0,175,77886.740878
3073.0,308,77917.966735
2361.0,249,77944.651587
746.0,120,77957.794354
1920.0,181,77976.471821
1929.0,168,77992.806075
1926.0,169,78011.23857
1924.0,176,78029.972998
2669.0,243,78057.02789
2376.0,219,78078.395292
3047.0,406,78123.297076
1591.0,141,78137.216414
3078.0,355,78174.714247
3040.0,448,78223.26302
2341.0,447,78270.508166
3065.0,393,78309.660321
2660.0,341,78345.491938
3081.0,335,78380.811772
1924.0,168,78397.169644
252.0,27,78399.782717
3052.0,424,78446.95876
254.0,30,78449.875028
1164.0,108,78461.148608
1696.0,250,78488.493663
613.0,58,78495.844363
2343.0,460,78543.623266
3018.0,604,78604.270879
3081.0,313,78637.843276
3628.0,578,78700.702297
2382.0,228,78723.653338
3056.0,464,78773.332972
2371.0,232,78795.651668
2370.0,270,78825.993473
1950.0,178,78843.660147
2390.0,225,78865.771961
3649.0,477,78917.230145
2977.0,748,78997.16751
1926.0,215,79019.702499
1708.0,170,79037.065903
2659.0,294,79069.018712
3069.0,374,79106.530932
2996.0,687,79178.062568
2367.0,267,79206.418881
1357.0,123,79220.746
1052.0,97,79230.30869
3627.0,590,79293.987239
652.0,78,79302.504713
1445.0,154,79317.480303
1062.0,107,79328.395709
1845.0,219,79352.469685
1880.0,199,79372.53843
1039.0,188,79392.745325
1057.0,110,79405.182952
611.0,84,79413.864988
1447.0,226,79438.336144
1703.0,179,79458.154912
1434.0,167,79474.518315
625.0,77,79482.010572
1327.0,155,79499.311751
1918.0,270,79526.038377
1062.0,113,79539.411119
1947.0,200,79558.797585
1936.0,202,79581.885144
630.0,64,79588.003701
653.0,68,79596.390146
249.0,27,79599.579769
632.0,66,79606.154644
1441.0,143,79620.178959
1946.0,197,79639.249132
1428.0,144,79654.576821
1705.0,167,79672.115207
2356.0,394,79714.559756
1345.0,141,79729.182983
2599.0,487,79782.234102
1424.0,188,79801.948188
1443.0,183,79819.746029
1053.0,112,79833.021642
1706.0,183,79850.983738
250.0,30,79853.835652
2342.0,413,79898.856543
641.0,71,79906.717752
1054.0,122,79917.745419
2658.0,247,79944.849476
1946.0,169,79964.029229
1934.0,168,79982.537032
1932.0,178,80000.031099
2655.0,259,80029.796866
1932.0,191,80049.458362
3052.0,356,80084.160775
616.0,64,80091.245675
1053.0,100,80102.368794
242.0,29,80105.574514
3073.0,307,80136.472008
1921.0,184,80156.794508
1057.0,104,80167.060702
3045.0,448,80213.221917
1946.0,180,80233.169121
2582.0,309,80265.599234
1535.0,199,80287.669067
1049.0,118,80299.311417
1926.0,185,80319.859881
2384.0,260,80345.417063
648.0,68,80354.0491
3028.0,476,80404.921696
3082.0,362,80443.786477
1931.0,175,80463.23415
3024.0,522,80518.798167
607.0,84,80528.023777
1939.0,222,80548.727431
2638.0,424,80593.667472
1927.0,233,80618.739386
2658.0,267,80644.836913
1922.0,197,80669.087146
2656.0,281,80699.12232
1038.0,142,80712.898919
3039.0,391,80753.648853
1938.0,189,80772.063238
1910.0,240,80797.182314
2633.0,284,80825.993563
1049.0,106,80837.859231
2227.0,748,80918.826765
1058.0,110,80929.691159
1940.0,197,80951.270614
2321.0,524,81004.754571
1053.0,99,81016.599349
3034.0,415,81060.580162
2103.0,748,81140.940193
3025.0,541,81198.422027
1922.0,209,81220.904162
3046.0,415,81263.254135
2535.0,532,81320.003618
1846.0,220,81342.047039
3039.0,419,81387.601618
2376.0,217,81407.969063
1053.0,105,81419.390001
2343.0,400,81463.55355
2633.0,277,81494.00383
1432.0,142,81507.883858
1055.0,109,81519.260744
615.0,60,81526.684412
1873.0,229,81549.114531
612.0,60,81555.107959
3070.0,348,81589.111562
1934.0,168,81608.664649
2365.0,292,81638.65925
2661.0,273,81668.213488
1874.0,183,81686.527009
1910.0,231,81712.339169
3081.0,316,81745.733591
2363.0,241,81771.519336
1883.0,395,81812.051108
2354.0,327,81846.944251
3051.0,467,81895.788346
3044.0,420,81941.405224
2647.0,265,81967.786431
1049.0,106,81979.608979
2598.0,705,82056.866031
1701.0,157,82071.416538
1048.0,122,82083.896456
822.0,134,82098.668498
1862.0,170,82116.111045
1921.0,213,82137.105259
1350.0,127,82149.48208
1701.0,198,82171.297859
247.0,27,82174.140048
1930.0,232,82200.19107
1333.0,139,82216.159999
1164.0,139,82229.176724
3178.0,1134,82350.428849
3082.0,363,82389.801764
1168.0,110,82400.843548
1957.0,238,82424.123395
752.0,147,82438.459058
3009.0,619,82503.698888
3056.0,443,82549.401581
3054.0,421,82593.045211
2380.0,323,82626.867852
612.0,57,82632.547971
1712.0,164,82649.897414
2389.0,238,82674.376568
2351.0,387,82715.377413
1717.0,159,82732.233506
3237.0,1049,82846.752382
2373.0,278,82876.315782
2379.0,257,82901.365034
1040.0,134,82916.803283
2376.0,296,82945.738616
1912.0,237,82971.492885
3057.0,487,83021.460494
613.0,62,83027.40528
3020.0,673,83099.28772
3018.0,624,83162.416735
1326.0,219,83186.633125
2364.0,748,83265.452404
1706.0,202,83285.798257
1972.0,171,83307.608481
2348.0,433,83349.774538
2996.0,697,83422.364613
3025.0,490,83473.165004
3058.0,425,83516.424697
1919.0,179,83536.256546
2650.0,230,83558.739323
3054.0,374,83598.824845
1675.0,221,83620.441951
3069.0,395,83662.120662
2982.0,707,83735.540502
2382.0,213,83758.909855
3057.0,308,83789.899682
648.0,67,83796.307485
1428.0,135,83809.392987
1704.0,172,83828.590294
1921.0,235,83852.148717
2363.0,235,83875.094396
2048.0,748,83956.62308
1903.0,323,83987.707864
814.0,168,84006.447575
3060.0,388,84046.590554
3064.0,428,84091.554973
1670.0,254,84116.471449
3044.0,367,84155.780521
809.0,196,84175.569824
1055.0,115,84188.785989
1636.0,499,84241.789653
3071.0,343,84275.18008
1945.0,226,84299.499958
1695.0,209,84320.127616
3065.0,393,84361.633573
1953.0,173,84377.811498
2375.0,290,84409.224579
1931.0,250,84437.897904
2044.0,748,84515.540469
3053.0,328,84551.93621
1858.0,200,84574.048808
3058.0,428,84618.100414
653.0,69,84624.713844
721.0,213,84645.40868
3066.0,409,84687.836919
2399.0,225,84712.22601
2397.0,214,84735.410632
2769.0,748,84813.308916
3053.0,434,84857.516169
2387.0,225,84880.435294
628.0,65,84886.032066
625.0,64,84892.817448
2604.0,555,84951.290694
2389.0,233,84975.543992
1057.0,122,84988.820697
1048.0,140,85002.959607
813.0,122,85015.162854
3201.0,322,85051.526072
1049.0,128,85064.434001
2377.0,309,85095.497086
3043.0,423,85140.402676
3004.0,653,85212.62942
1924.0,192,85231.200198
3196.0,321,85266.711991
2600.0,569,85327.083761
1712.0,208,85347.418429
653.0,67,85354.075107
2669.0,250,85380.81597
1058.0,123,85392.646634
2605.0,523,85447.787855
2669.0,242,85472.937529
2372.0,222,85496.877665
613.0,64,85503.218021
2638.0,317,85535.992651
1951.0,170,85553.808478
255.0,27,85556.605473
255.0,27,85559.202585
255.0,27,85561.741804
2675.0,254,85589.019657
2666.0,236,85613.714901
2651.0,248,85641.216208
1047.0,108,85651.694296
1935.0,179,85669.111985
2612.0,411,85720.215827
1344.0,164,85740.303221
609.0,57,85747.801609
247.0,29,85751.078933
609.0,57,85757.597387
2673.0,286,85791.703986
2651.0,237,85816.777491
3020.0,560,85876.070275
2378.0,258,85902.733742
2790.0,748,85982.516488
2374.0,278,86009.946468
1441.0,133,86025.75348
2049.0,229,86048.644007
3031.0,588,86109.871431
1056.0,104,86120.523404
2976.0,748,86199.653573
1042.0,172,86216.235997
2598.0,651,86284.763202
1952.0,180,86302.523798
822.0,134,86318.452125
1049.0,114,86330.743212
1814.0,198,86352.291602
3041.0,444,86396.757856
2386.0,232,86422.02483
1440.0,140,86435.585884
2368.0,350,86474.256437
2393.0,271,86503.021184
2380.0,272,86529.688654
1884.0,174,86549.007308
1053.0,113,86560.094093
2600.0,557,86618.826941
2791.0,748,86700.595222
2371.0,333,86738.131216
3068.0,378,86778.73478
2386.0,225,86805.592904
2391.0,234,86832.146977
2659.0,295,86865.538256
2787.0,748,86952.698488
3031.0,515,87008.333358
2654.0,249,87032.632297
822.0,125,87045.078057
2966.0,748,87124.862301
2832.0,748,87202.101238
1868.0,220,87225.885364
3041.0,488,87274.971218
1943.0,207,87296.317729
653.0,67,87302.883635
822.0,125,87316.770074
817.0,126,87329.64596
2623.0,428,87375.649398
612.0,59,87381.461488
605.0,59,87387.320338
1062.0,165,87405.506623
2752.0,748,87481.114705
1429.0,134,87499.093534
1996.0,748,87573.992321
1707.0,163,87591.111122
2727.0,748,87669.012425
3035.0,411,87712.849343
2368.0,254,87739.540509
2325.0,478,87792.153041
2397.0,220,87813.805951
1939.0,231,87837.957546
1928.0,184,87858.090202
2332.0,529,87918.578334
612.0,58,87925.495489
1933.0,169,87946.927046
608.0,61,87953.839428
623.0,62,87960.735695
2681.0,748,88046.694964
3096.0,290,88082.36075
3042.0,561,88153.870167
1947.0,169,88171.969262
1344.0,155,88190.571711
3886.0,573,88262.174015
2362.0,261,88295.056947
2364.0,333,88334.36985
3034.0,545,88398.135474
2999.0,675,88477.572764
2329.0,438,88530.305581
1721.0,150,88548.038091
2624.0,419,88598.903765
611.0,57,88605.331117
3032.0,509,88668.440493
1339.0,121,88685.01457
3031.0,533,88749.253829
2215.0,748,88836.202522
2869.0,748,88932.774671
3019.0,546,89000.799724
1942.0,175,89022.215802
1047.0,113,89036.368373
1848.0,222,89062.564178
2390.0,236,89093.393368
1063.0,98,89105.543184
2385.0,217,89129.799093
3031.0,590,89202.567317
653.0,67,89209.686966
2666.0,286,89244.230471
2966.0,748,89332.761992
746.0,97,89344.488592
1355.0,120,89360.281151
2577.0,748,89450.006779
648.0,67,89456.872746
648.0,67,89466.531132
252.0,27,89470.19128
3056.0,334,89506.234388
1313.0,162,89525.509769
1714.0,179,89546.374078
653.0,67,89556.463316
3547.0,931,89669.825266
1592.0,160,89688.0709
1659.0,336,89724.689073
2354.0,440,89777.96687
2986.0,748,89862.933883
3040.0,549,89924.333395
611.0,57,89929.751496
607.0,59,89935.663082
606.0,59,89941.534377
1933.0,170,89960.449935
1929.0,174,89981.00021
1708.0,155,89998.571686
1433.0,183,90018.835629
1583.0,162,90036.660119
610.0,57,90042.662643
1708.0,155,90057.830992
611.0,58,90063.328063
1921.0,378,90102.656143
3005.0,697,90178.664746
2064.0,748,90260.079165
3014.0,694,90334.077458
1055.0,101,90346.205407
1970.0,182,90366.361314
1871.0,175,90383.366904
1876.0,175,90402.804704
2375.0,261,90427.996484
3420.0,703,90505.798422
2586.0,565,90563.15184
3050.0,442,90611.883662
1926.0,217,90635.639826
1655.0,231,90659.153488
1698.0,223,90683.773935
2383.0,219,90706.430421
608.0,58,90712.987297
627.0,66,90719.36263
608.0,58,90725.053219
2673.0,748,90803.237019
2359.0,253,90830.246706
1950.0,187,90850.805625
2637.0,235,90876.689877
1944.0,238,90900.541008
1058.0,104,90910.595857
2642.0,239,90933.994596
1932.0,174,90953.283129
2333.0,387,90993.267569
3062.0,333,91025.990116
1906.0,213,91049.035836
1910.0,255,91076.232912
2029.0,748,91156.066498
252.0,27,91158.860436
2043.0,748,91236.03873
2641.0,242,91262.66715
1359.0,125,91275.142247
3045.0,397,91313.720592
2628.0,394,91356.67235
1921.0,205,91375.605469
251.0,27,91377.866631
648.0,70,91384.369235
2991.0,714,91463.157282
750.0,227,91485.574841
1583.0,159,91501.120645
3052.0,358,91540.99732
816.0,134,91554.563053
618.0,63,91560.501096
1051.0,107,91573.195208
2997.0,657,91639.602967
1415.0,227,91663.689654
612.0,57,91670.366718
2780.0,748,91750.003688
2354.0,247,91776.741672
609.0,58,91783.036961
3036.0,566,91841.875064
606.0,57,91847.986168
607.0,57,91854.221864
1419.0,161,91871.154881
3015.0,590,91935.648436
239.0,30,91938.405676
3056.0,436,91983.057213
1057.0,102,91993.09473
3032.0,585,92056.248745
1438.0,139,92070.599775
1405.0,260,92096.132758
1051.0,113,92109.385877
1436.0,140,92123.120112
1050.0,114,92134.210608
3028.0,454,92183.074442
3000.0,622,92248.39254
606.0,58,92254.877532
2608.0,748,92332.141937
605.0,58,92337.938076
3061.0,305,92369.975889
1432.0,175,92388.903216
1904.0,344,92422.519185
3027.0,458,92469.536163
1029.0,222,92492.742754
1354.0,126,92505.646198
2213.0,748,92584.050723
1584.0,171,92600.865804
2367.0,350,92637.365454
1672.0,274,92664.346556
613.0,59,92672.045708
2653.0,275,92701.460848
1034.0,221,92723.176303
250.0,29,92725.994136
250.0,29,92728.960777
250.0,29,92731.647305
250.0,29,92734.496994
609.0,60,92742.034471
609.0,60,92748.572459
2389.0,253,92774.088332
2983.0,748,92854.982855
3069.0,453,92901.140512
2390.0,278,92930.734089
824.0,149,92947.172158
249.0,30,92950.482013
3083.0,405,92990.137203
632.0,73,92999.169615
776.0,141,93013.54439
1028.0,277,93042.866454
3013.0,650,93108.033248
620.0,67,93114.370365
2316.0,530,93169.677
1710.0,177,93188.025608
250.0,29,93191.841638
3000.0,715,93264.879488
3025.0,594,93325.275244
3001.0,710,93398.509493
1885.0,200,93420.315494
1326.0,123,93432.450463
3017.0,637,93499.208259
1425.0,147,93513.807472
2285.0,720,93588.309756
1738.0,166,93606.298102
646.0,72,93614.043179
1937.0,207,93636.504148
828.0,125,93650.997373
3058.0,349,93685.25531
3086.0,309,93715.741959
1715.0,157,93732.521034
615.0,60,93739.555947
3063.0,400,93780.430755
1588.0,173,93799.545629
3061.0,459,93846.655727
3035.0,548,93905.114863
3030.0,539,93961.241075
2383.0,260,93988.871187
2603.0,636,94053.130895
3032.0,525,94107.026566
1076.0,109,94119.56057
609.0,59,94125.305209
1950.0,176,94145.792315
1915.0,248,94170.038436
1043.0,140,94185.74597
3040.0,574,94246.740366
1711.0,157,94261.42252
1937.0,175,94278.83982
2390.0,284,94308.948885
241.0,29,94311.760202
2055.0,748,94389.550156
1440.0,144,94405.756947
3063.0,461,94452.011906
819.0,143,94466.155301
2978.0,738,94545.778508
1931.0,195,94565.164755
1738.0,166,94583.612795
252.0,29,94586.627498
1409.0,255,94613.851804
626.0,66,94620.192329
565.0,304,94651.581883
1157.0,119,94663.548923
249.0,28,94665.924706
608.0,65,94672.179691
2219.0,748,94750.963582
798.0,143,94767.474825
616.0,60,94773.300331
2371.0,261,94800.720008
1339.0,121,94812.857645
612.0,57,94819.258625
2374.0,221,94842.371569
1937.0,169,94860.006299
3010.0,611,94924.430062
628.0,79,94932.168068
2350.0,382,94972.841075
3075.0,335,95007.95659
3037.0,506,95059.813761
1355.0,122,95070.648968
3081.0,288,95102.575252
3039.0,523,95157.730696
612.0,58,95162.970827
1059.0,98,95173.996164
2657.0,323,95206.901008
3053.0,353,95243.746352
1941.0,184,95264.114163
292.0,748,95343.752491
1969.0,170,95360.494446
2362.0,328,95394.082326
2271.0,744,95473.099245
1947.0,174,95490.270268
613.0,58,95497.74394
2399.0,217,95519.502196
1055.0,107,95529.782011
2342.0,415,95572.041645
2357.0,380,95609.752918
2677.0,258,95638.203572
2396.0,214,95663.198144
770.0,102,95673.421066
3014.0,671,95741.435959
653.0,67,95749.884478
612.0,57,95755.971637
2069.0,748,95831.445526
612.0,57,95836.825866
609.0,57,95842.440928
612.0,57,95848.136153
2658.0,243,95871.434587
2666.0,244,95899.696364
2768.0,275,95929.98613
2754.0,748,96009.338211
1958.0,215,96031.168598
648.0,69,96037.499624
3031.0,584,96095.665891
2663.0,239,96121.716116
2358.0,348,96159.094955
2640.0,291,96192.185645
1588.0,144,96206.415693
1355.0,124,96220.766834
1685.0,243,96244.67373
1342.0,133,96257.030603
2054.0,748,96336.351623
614.0,80,96344.132567
2810.0,748,96421.922784
3052.0,482,96471.248815
1919.0,434,96517.97451
1900.0,261,96545.882788
293.0,748,96621.433479
293.0,748,96699.920317
1050.0,128,96712.321671
611.0,58,96718.127888
1689.0,239,96743.954751
610.0,58,96749.375604
1589.0,149,96764.079349
653.0,67,96770.572243
1060.0,163,96788.74955
1704.0,245,96815.289285
2990.0,718,96889.322506
2649.0,388,96930.373246
812.0,154,96947.673729
1680.0,675,97015.784507
397.0,748,97093.124235
815.0,137,97108.579229
1342.0,130,97121.438928
1355.0,126,97135.590264
601.0,204,97156.056451
1777.0,209,97179.730199
641.0,80,97186.779096
3051.0,438,97233.643403
1554.0,219,97257.330745
1357.0,120,97269.370023
1357.0,120,97280.944263
1352.0,120,97295.100676
1357.0,120,97306.84517
612.0,57,97312.441497
612.0,57,97317.828745
612.0,57,97323.475041
612.0,57,97329.221544
1353.0,133,97342.051972
2058.0,748,97419.823712
2352.0,376,97458.887041
612.0,58,97464.612818
3113.0,583,97525.022003
3006.0,684,97595.357126
606.0,61,97601.460029
614.0,58,97609.140769
1675.0,178,97628.8406
613.0,58,97634.856107
1054.0,120,97646.537503
610.0,58,97653.817734
1355.0,121,97666.299678
3029.0,529,97720.70795
2366.0,285,97748.602351
115.0,77,97756.212018
1045.0,166,97774.803892
2519.0,467,97820.145678
653.0,67,97827.387292
1357.0,121,97841.560318
1937.0,255,97866.781424
2339.0,449,97914.060129
612.0,57,97921.58838
603.0,62,97927.806885
2519.0,615,97990.091426
1713.0,179,98006.794808
613.0,58,98012.741841
1823.0,192,98033.760493
614.0,58,98040.251502
2039.0,748,98118.647278
2616.0,369,98156.645964
1788.0,199,98176.463761
653.0,67,98184.997239
1917.0,214,98206.335389
2551.0,715,98281.398261
823.0,129,98293.660845
1040.0,137,98307.543306
1040.0,138,98323.296777
808.0,173,98340.240418
1771.0,225,98365.327852
1059.0,117,98378.950464
1057.0,97,98388.491633
2371.0,266,98416.871135
1057.0,101,98426.83515
2059.0,748,98502.131216
1054.0,126,98516.020833
1055.0,102,98526.400827
1044.0,138,98540.078116
1044.0,137,98552.887457
614.0,61,98559.291933
822.0,126,98571.424635
2225.0,748,98647.187797
1440.0,164,98663.544435
653.0,67,98671.887039
610.0,57,98677.405113
3036.0,486,98727.31762
613.0,58,98732.874019
2054.0,748,98811.27991
1943.0,185,98831.82966
1975.0,178,98848.964548
1898.0,168,98866.127032
2629.0,486,98916.745637
1741.0,157,98932.16978
612.0,57,98937.72171
2994.0,670,99007.015666
1057.0,100,99016.959362
1331.0,133,99029.941437
1053.0,97,99041.494377
1058.0,97,99051.262775
2329.0,593,99111.714901
1057.0,97,99120.324439
2568.0,730,99201.641727
1936.0,171,99218.638619
822.0,127,99231.445774
2372.0,294,99262.269209
3035.0,589,99321.560868
617.0,57,99327.731047
250.0,27,99330.524739
612.0,57,99336.93467
612.0,57,99342.432018
1057.0,100,99354.267616
612.0,57,99360.216944
1709.0,156,99375.69173
2715.0,436,99423.923729
3019.0,558,99480.688982
2322.0,505,99534.850801
1056.0,105,99544.332271
2343.0,469,99597.348122
1057.0,97,99606.857924
2660.0,312,99637.432135
1708.0,158,99655.077829
1707.0,159,99672.32907
1718.0,161,99688.822447
1050.0,101,99698.571882
605.0,58,99703.535043
2412.0,748,99782.657014
1701.0,168,99800.897833
2657.0,301,99830.878858
1905.0,309,99863.262942
1338.0,127,99878.065337
1925.0,192,99896.990124
1409.0,399,99937.644719
2652.0,285,99966.07602
1986.0,748,100043.796621
2359.0,279,100073.206737
1443.0,129,100085.969437
607.0,57,100091.453123
2372.0,287,100121.224064
1057.0,97,100131.222796
1058.0,97,100140.76357
3039.0,448,100189.241722
1057.0,97,100198.834106
3789.0,996,100305.300125
1836.0,177,100325.001913
1060.0,105,100335.395124
2998.0,748,100410.702562
2380.0,307,100442.343827
1923.0,190,100460.994669
1713.0,159,100478.024304
2335.0,364,100516.175109
739.0,70,100523.910188
3115.0,746,100603.538011
1051.0,98,100613.152906
1059.0,97,100623.773772
2379.0,238,100648.250998
1433.0,141,100660.951578
1052.0,98,100671.185674
2181.0,748,100750.093678
1900.0,171,100769.198646
1935.0,178,100786.606793
1704.0,150,100801.425531
2380.0,273,100830.969126
2386.0,230,100854.015389
1827.0,434,100900.325232
1917.0,188,100919.29248
815.0,127,100934.017489
1702.0,154,100948.735492
628.0,83,100958.631273
2373.0,245,100985.971193
2979.0,697,101058.768648
1922.0,187,101079.488066
1931.0,215,101100.42231
1586.0,219,101124.341886
3027.0,599,101183.695743
1684.0,306,101215.977251
2321.0,480,101268.29198
1938.0,169,101284.002279
1691.0,242,101310.693868
1944.0,176,101327.809485
1710.0,171,101346.806465
2054.0,748,101424.306482
2268.0,637,101488.770796
1422.0,144,101503.840623
3045.0,394,101545.135597
2651.0,246,101571.313271
1936.0,170,101588.442154
3402.0,732,101666.500381
614.0,58,101672.439402
3048.0,406,101712.406697
2069.0,748,101790.738865
3030.0,539,101847.578719
1712.0,158,101863.776157
3033.0,583,101924.984378
1044.0,136,101938.1823
925.0,725,102012.474258
2387.0,261,102040.357066
2366.0,305,102072.123563
3056.0,430,102115.520954
2043.0,748,102192.469542
3028.0,687,102267.178146
3160.0,493,102320.106456
2372.0,269,102345.653157
1696.0,190,102365.901067
3169.0,409,102413.265587
1922.0,212,102433.951292
2667.0,245,102457.959635
1868.0,177,102477.173841
2348.0,377,102520.301074
2811.0,748,102593.808125
3108.0,666,102669.378613
1913.0,233,102691.812117
2817.0,748,102768.244931
1957.0,181,102787.9917
2064.0,748,102866.439327
1714.0,155,102881.795352
3049.0,496,102930.184194
1936.0,174,102948.814773
2376.0,218,102971.608821
2803.0,748,103047.038656
1359.0,127,103061.914653
2381.0,221,103083.362395
2376.0,295,103114.781936
1336.0,131,103127.314861
3028.0,575,103185.816422
3647.0,457,103237.585212
561.0,398,103276.531552
1427.0,161,103294.619485
653.0,67,103301.025437
3037.0,511,103355.61707
403.0,748,103433.408025
1361.0,128,103445.95629
2587.0,621,103509.726711
3038.0,483,103560.705605
1435.0,268,103587.641104
3033.0,520,103641.921224
651.0,65,103648.196651
2334.0,406,103691.902234
822.0,129,103704.904807
1056.0,109,103715.533168
3004.0,625,103781.141445
3075.0,353,103818.18387
1935.0,220,103839.650658
1961.0,193,103860.910341
2336.0,513,103913.205559
1346.0,125,103925.578409
2603.0,549,103983.172631
2642.0,291,104012.935662
2049.0,748,104089.442329
2979.0,695,104162.154387
1922.0,226,104186.750384
2806.0,748,104265.45708
606.0,57,104271.0831
606.0,57,104276.000767
613.0,61,104282.040768
2300.0,593,104344.74919
243.0,30,104347.890051
2081.0,748,104425.719377
3035.0,405,104467.736556
3049.0,425,104509.415432
635.0,70,104518.095313
2023.0,748,104598.961997
1696.0,204,104618.753338
3041.0,441,104664.338024
648.0,68,104670.457367
761.0,150,104685.460541
1708.0,166,104701.443543
593.0,123,104715.001487
398.0,748,104794.269787
2985.0,714,104868.665853
2351.0,315,104902.048428
3058.0,355,104940.577543
2962.0,748,105019.455128
2648.0,242,105043.07884
3005.0,646,105108.979334
1923.0,177,105129.60772
2991.0,657,105198.731311
1051.0,106,105209.319019
2363.0,368,105247.559074
1668.0,301,105279.492313
1865.0,463,105329.793621
2956.0,748,105405.503222
1933.0,232,105428.231283
403.0,748,105508.436225
3052.0,455,105555.483763
1701.0,186,105575.464106
2668.0,258,105602.331119
653.0,67,105608.955035
2308.0,563,105667.695662
1021.0,229,105690.642612
2346.0,385,105730.696483
3140.0,745,105812.830761
1878.0,206,105833.210438
1441.0,137,105846.480558
821.0,130,105859.366385
3061.0,312,105892.294809
1941.0,174,105911.650421
1861.0,181,105929.541737
714.0,160,105947.433729
2064.0,748,106025.273947
246.0,33,106028.963403
823.0,152,106045.399815
1911.0,331,106078.933075
1042.0,154,106096.546394
1057.0,97,106106.611091
1056.0,97,106116.132691
3046.0,434,106160.756538
1720.0,165,106177.870107
2371.0,287,106208.20729
1340.0,138,106223.957078
821.0,131,106238.322689
2366.0,275,106266.006822
3547.0,806,106350.707362
1878.0,220,106371.988442
1443.0,137,106387.115073
1439.0,131,106400.528713
1056.0,100,106410.414567
2768.0,748,106487.108538
2377.0,269,106514.641936
1442.0,165,106532.978352
